{
  "type": "FeatureCollection",
  "features": [
    {
      "type": "Feature",
      "geometry": {
        "type": "Point",
        "coordinates": [
          15.4361655,
          47.0619032
        ]
      },
      "properties": {
        "id": "park_1501767308",
        "name": "Augarten",
        "category": "Park/Gruenraum",
        "subcategory": "park",
        "address": "",
        "plz": "8010",
        "coole_raeume": "no",
        "source": "OpenStreetMap (via Overpass API)",
        "license": "ODbL 1.0",
        "opening_hours": "May-Sep: 09:00-19:00 (weather dependent)"
      }
    },
    {
      "type": "Feature",
      "geometry": {
        "type": "Point",
        "coordinates": [
          15.408617230898946,
          47.05368644815697
        ]
      },
      "properties": {
        "id": "fountain_1",
        "name": "Trinkbrunnen Peter-Rosegger-Straße 27",
        "category": "Trinkbrunnen",
        "subcategory": "Trinkbrunnen",
        "address": "Peter-Rosegger-Straße 27",
        "plz": "8020",
        "coole_raeume": "no",
        "source": "Stadt Graz OGD - Oeffentliche Brunnen",
        "license": "CC BY 4.0",
        "opening_hours": "24/7 (when operational)"
      }
    },
    {
      "type": "Feature",
      "geometry": {
        "type": "Point",
        "coordinates": [
          15.472302259640765,
          47.063166922013814
        ]
      },
      "properties": {
        "id": "fountain_2",
        "name": "Trinkbrunnen St.-Peter-Pfarrweg 21",
        "category": "Trinkbrunnen",
        "subcategory": "Trinkbrunnen",
        "address": "St.-Peter-Pfarrweg 21",
        "plz": "8010",
        "coole_raeume": "no",
        "source": "Stadt Graz OGD - Oeffentliche Brunnen",
        "license": "CC BY 4.0",
        "opening_hours": "24/7 (when operational)"
      }
    },
    {
      "type": "Feature",
      "geometry": {
        "type": "Point",
        "coordinates": [
          15.431222375099843,
          47.080980330130444
        ]
      },
      "properties": {
        "id": "fountain_4",
        "name": "Trinkbrunnen Körösistraße 29c",
        "category": "Trinkbrunnen",
        "subcategory": "Trinkbrunnen",
        "address": "Körösistraße 29c",
        "plz": "8010",
        "coole_raeume": "no",
        "source": "Stadt Graz OGD - Oeffentliche Brunnen",
        "license": "CC BY 4.0",
        "opening_hours": "24/7 (when operational)"
      }
    },
    {
      "type": "Feature",
      "geometry": {
        "type": "Point",
        "coordinates": [
          15.391086359120646,
          47.0498821097441
        ]
      },
      "properties": {
        "id": "fountain_5",
        "name": "Trinkbrunnen Ekkehard-Hauer-Straße 33",
        "category": "Trinkbrunnen",
        "subcategory": "Trinkbrunnen",
        "address": "Ekkehard-Hauer-Straße 33",
        "plz": "8020",
        "coole_raeume": "no",
        "source": "Stadt Graz OGD - Oeffentliche Brunnen",
        "license": "CC BY 4.0",
        "opening_hours": "24/7 (when operational)"
      }
    },
    {
      "type": "Feature",
      "geometry": {
        "type": "Point",
        "coordinates": [
          15.451866762260781,
          47.08361844360176
        ]
      },
      "properties": {
        "id": "fountain_7",
        "name": "Trinkbrunnen Rosenhain 3",
        "category": "Trinkbrunnen",
        "subcategory": "Trinkbrunnen",
        "address": "Rosenhain 3",
        "plz": "8010",
        "coole_raeume": "no",
        "source": "Stadt Graz OGD - Oeffentliche Brunnen",
        "license": "CC BY 4.0",
        "opening_hours": "24/7 (when operational)"
      }
    },
    {
      "type": "Feature",
      "geometry": {
        "type": "Point",
        "coordinates": [
          15.44491527004233,
          47.036051175182
        ]
      },
      "properties": {
        "id": "fountain_8",
        "name": "Trinkbrunnen Lagergasse 372",
        "category": "Trinkbrunnen",
        "subcategory": "Trinkbrunnen",
        "address": "Lagergasse 372",
        "plz": "8020",
        "coole_raeume": "no",
        "source": "Stadt Graz OGD - Oeffentliche Brunnen",
        "license": "CC BY 4.0",
        "opening_hours": "24/7 (when operational)"
      }
    },
    {
      "type": "Feature",
      "geometry": {
        "type": "Point",
        "coordinates": [
          15.409727134676784,
          47.065757907722016
        ]
      },
      "properties": {
        "id": "fountain_9",
        "name": "Trinkbrunnen Reininghausstraße 5a",
        "category": "Trinkbrunnen",
        "subcategory": "Trinkbrunnen",
        "address": "Reininghausstraße 5a",
        "plz": "8020",
        "coole_raeume": "no",
        "source": "Stadt Graz OGD - Oeffentliche Brunnen",
        "license": "CC BY 4.0",
        "opening_hours": "24/7 (when operational)"
      }
    },
    {
      "type": "Feature",
      "geometry": {
        "type": "Point",
        "coordinates": [
          15.44032057824733,
          47.073927189694444
        ]
      },
      "properties": {
        "id": "fountain_10",
        "name": "Trinkbrunnen Karmeliterplatz 6",
        "category": "Trinkbrunnen",
        "subcategory": "Trinkbrunnen",
        "address": "Karmeliterplatz 6",
        "plz": "8010",
        "coole_raeume": "no",
        "source": "Stadt Graz OGD - Oeffentliche Brunnen",
        "license": "CC BY 4.0",
        "opening_hours": "24/7 (when operational)"
      }
    },
    {
      "type": "Feature",
      "geometry": {
        "type": "Point",
        "coordinates": [
          15.442931815059648,
          47.07179964023817
        ]
      },
      "properties": {
        "id": "fountain_11",
        "name": "Trinkbrunnen Burggasse 2a",
        "category": "Trinkbrunnen",
        "subcategory": "Trinkbrunnen",
        "address": "Burggasse 2a",
        "plz": "8010",
        "coole_raeume": "no",
        "source": "Stadt Graz OGD - Oeffentliche Brunnen",
        "license": "CC BY 4.0",
        "opening_hours": "24/7 (when operational)"
      }
    },
    {
      "type": "Feature",
      "geometry": {
        "type": "Point",
        "coordinates": [
          15.44445303513573,
          47.04151103579663
        ]
      },
      "properties": {
        "id": "fountain_14",
        "name": "Trinkbrunnen Eduard-Keil-Gasse 86",
        "category": "Trinkbrunnen",
        "subcategory": "Trinkbrunnen",
        "address": "Eduard-Keil-Gasse 86",
        "plz": "8010",
        "coole_raeume": "no",
        "source": "Stadt Graz OGD - Oeffentliche Brunnen",
        "license": "CC BY 4.0",
        "opening_hours": "24/7 (when operational)"
      }
    },
    {
      "type": "Feature",
      "geometry": {
        "type": "Point",
        "coordinates": [
          15.411981541474105,
          47.0591317237945
        ]
      },
      "properties": {
        "id": "fountain_15",
        "name": "Trinkbrunnen Jochen-Rindt-Platz",
        "category": "Trinkbrunnen",
        "subcategory": "Trinkbrunnen",
        "address": "Jochen-Rindt-Platz",
        "plz": "8020",
        "coole_raeume": "no",
        "source": "Stadt Graz OGD - Oeffentliche Brunnen",
        "license": "CC BY 4.0",
        "opening_hours": "24/7 (when operational)"
      }
    },
    {
      "type": "Feature",
      "geometry": {
        "type": "Point",
        "coordinates": [
          15.41817565595279,
          47.03879572172367
        ]
      },
      "properties": {
        "id": "fountain_19",
        "name": "Trinkbrunnen Wagner-Jauregg-Platz 1",
        "category": "Trinkbrunnen",
        "subcategory": "Trinkbrunnen",
        "address": "Wagner-Jauregg-Platz 1",
        "plz": "8020",
        "coole_raeume": "no",
        "source": "Stadt Graz OGD - Oeffentliche Brunnen",
        "license": "CC BY 4.0",
        "opening_hours": "24/7 (when operational)"
      }
    },
    {
      "type": "Feature",
      "geometry": {
        "type": "Point",
        "coordinates": [
          15.442748298972841,
          47.07445804710102
        ]
      },
      "properties": {
        "id": "fountain_20",
        "name": "Trinkbrunnen Sauraugasse 14",
        "category": "Trinkbrunnen",
        "subcategory": "Trinkbrunnen",
        "address": "Sauraugasse 14",
        "plz": "8010",
        "coole_raeume": "no",
        "source": "Stadt Graz OGD - Oeffentliche Brunnen",
        "license": "CC BY 4.0",
        "opening_hours": "24/7 (when operational)"
      }
    },
    {
      "type": "Feature",
      "geometry": {
        "type": "Point",
        "coordinates": [
          15.490040822582205,
          47.104037826854075
        ]
      },
      "properties": {
        "id": "fountain_21",
        "name": "Trinkbrunnen Tannhofweg 2",
        "category": "Trinkbrunnen",
        "subcategory": "Trinkbrunnen",
        "address": "Tannhofweg 2",
        "plz": "8010",
        "coole_raeume": "no",
        "source": "Stadt Graz OGD - Oeffentliche Brunnen",
        "license": "CC BY 4.0",
        "opening_hours": "24/7 (when operational)"
      }
    },
    {
      "type": "Feature",
      "geometry": {
        "type": "Point",
        "coordinates": [
          15.434984782916368,
          47.06092731229243
        ]
      },
      "properties": {
        "id": "fountain_22",
        "name": "Trinkbrunnen Pula Kai",
        "category": "Trinkbrunnen",
        "subcategory": "Trinkbrunnen",
        "address": "Pula Kai",
        "plz": "8010",
        "coole_raeume": "no",
        "source": "Stadt Graz OGD - Oeffentliche Brunnen",
        "license": "CC BY 4.0",
        "opening_hours": "24/7 (when operational)"
      }
    },
    {
      "type": "Feature",
      "geometry": {
        "type": "Point",
        "coordinates": [
          15.431407686944938,
          47.101414454841525
        ]
      },
      "properties": {
        "id": "fountain_24",
        "name": "Trinkbrunnen Ziegelstraße 33a",
        "category": "Trinkbrunnen",
        "subcategory": "Trinkbrunnen",
        "address": "Ziegelstraße 33a",
        "plz": "8045",
        "coole_raeume": "no",
        "source": "Stadt Graz OGD - Oeffentliche Brunnen",
        "license": "CC BY 4.0",
        "opening_hours": "24/7 (when operational)"
      }
    },
    {
      "type": "Feature",
      "geometry": {
        "type": "Point",
        "coordinates": [
          15.410433282603949,
          47.080835967056956
        ]
      },
      "properties": {
        "id": "fountain_25",
        "name": "Trinkbrunnen Waagner-Biro-Straße 104",
        "category": "Trinkbrunnen",
        "subcategory": "Trinkbrunnen",
        "address": "Waagner-Biro-Straße 104",
        "plz": "8020",
        "coole_raeume": "no",
        "source": "Stadt Graz OGD - Oeffentliche Brunnen",
        "license": "CC BY 4.0",
        "opening_hours": "24/7 (when operational)"
      }
    },
    {
      "type": "Feature",
      "geometry": {
        "type": "Point",
        "coordinates": [
          15.468254948076039,
          47.07954190831058
        ]
      },
      "properties": {
        "id": "fountain_26",
        "name": "Trinkbrunnen Stiftingtalstraße 4",
        "category": "Trinkbrunnen",
        "subcategory": "Trinkbrunnen",
        "address": "Stiftingtalstraße 4",
        "plz": "8010",
        "coole_raeume": "no",
        "source": "Stadt Graz OGD - Oeffentliche Brunnen",
        "license": "CC BY 4.0",
        "opening_hours": "24/7 (when operational)"
      }
    },
    {
      "type": "Feature",
      "geometry": {
        "type": "Point",
        "coordinates": [
          15.387343860422261,
          47.06433485575291
        ]
      },
      "properties": {
        "id": "fountain_28",
        "name": "Trinkbrunnen Gritzenweg 1",
        "category": "Trinkbrunnen",
        "subcategory": "Trinkbrunnen",
        "address": "Gritzenweg 1",
        "plz": "8020",
        "coole_raeume": "no",
        "source": "Stadt Graz OGD - Oeffentliche Brunnen",
        "license": "CC BY 4.0",
        "opening_hours": "24/7 (when operational)"
      }
    },
    {
      "type": "Feature",
      "geometry": {
        "type": "Point",
        "coordinates": [
          15.431753363015345,
          47.06694126702718
        ]
      },
      "properties": {
        "id": "fountain_29",
        "name": "Trinkbrunnen Griesplatz 36",
        "category": "Trinkbrunnen",
        "subcategory": "Trinkbrunnen",
        "address": "Griesplatz 36",
        "plz": "8020",
        "coole_raeume": "no",
        "source": "Stadt Graz OGD - Oeffentliche Brunnen",
        "license": "CC BY 4.0",
        "opening_hours": "24/7 (when operational)"
      }
    },
    {
      "type": "Feature",
      "geometry": {
        "type": "Point",
        "coordinates": [
          15.441570335922139,
          47.07230660842117
        ]
      },
      "properties": {
        "id": "fountain_31",
        "name": "Trinkbrunnen Hofgasse 16",
        "category": "Trinkbrunnen",
        "subcategory": "Trinkbrunnen",
        "address": "Hofgasse 16",
        "plz": "8010",
        "coole_raeume": "no",
        "source": "Stadt Graz OGD - Oeffentliche Brunnen",
        "license": "CC BY 4.0",
        "opening_hours": "24/7 (when operational)"
      }
    },
    {
      "type": "Feature",
      "geometry": {
        "type": "Point",
        "coordinates": [
          15.409681248793309,
          47.08226998904252
        ]
      },
      "properties": {
        "id": "fountain_33",
        "name": "Trinkbrunnen Waagner-Biro-Straße 132",
        "category": "Trinkbrunnen",
        "subcategory": "Trinkbrunnen",
        "address": "Waagner-Biro-Straße 132",
        "plz": "8020",
        "coole_raeume": "no",
        "source": "Stadt Graz OGD - Oeffentliche Brunnen",
        "license": "CC BY 4.0",
        "opening_hours": "24/7 (when operational)"
      }
    },
    {
      "type": "Feature",
      "geometry": {
        "type": "Point",
        "coordinates": [
          15.445061974147853,
          47.04548763983924
        ]
      },
      "properties": {
        "id": "fountain_35",
        "name": "Trinkbrunnen Andersengasse 42",
        "category": "Trinkbrunnen",
        "subcategory": "Trinkbrunnen",
        "address": "Andersengasse 42",
        "plz": "8010",
        "coole_raeume": "no",
        "source": "Stadt Graz OGD - Oeffentliche Brunnen",
        "license": "CC BY 4.0",
        "opening_hours": "24/7 (when operational)"
      }
    },
    {
      "type": "Feature",
      "geometry": {
        "type": "Point",
        "coordinates": [
          15.388376043965714,
          47.036093505541814
        ]
      },
      "properties": {
        "id": "fountain_36",
        "name": "Trinkbrunnen Kehlbergstraße 36",
        "category": "Trinkbrunnen",
        "subcategory": "Trinkbrunnen",
        "address": "Kehlbergstraße 36",
        "plz": "8020",
        "coole_raeume": "no",
        "source": "Stadt Graz OGD - Oeffentliche Brunnen",
        "license": "CC BY 4.0",
        "opening_hours": "24/7 (when operational)"
      }
    },
    {
      "type": "Feature",
      "geometry": {
        "type": "Point",
        "coordinates": [
          15.399144859012445,
          47.04163951545437
        ]
      },
      "properties": {
        "id": "fountain_37",
        "name": "Trinkbrunnen Am Jägergrund 17",
        "category": "Trinkbrunnen",
        "subcategory": "Trinkbrunnen",
        "address": "Am Jägergrund 17",
        "plz": "8020",
        "coole_raeume": "no",
        "source": "Stadt Graz OGD - Oeffentliche Brunnen",
        "license": "CC BY 4.0",
        "opening_hours": "24/7 (when operational)"
      }
    },
    {
      "type": "Feature",
      "geometry": {
        "type": "Point",
        "coordinates": [
          15.439838875628276,
          47.052273546796144
        ]
      },
      "properties": {
        "id": "fountain_38",
        "name": "Trinkbrunnen Fröhlichgasse 108",
        "category": "Trinkbrunnen",
        "subcategory": "Trinkbrunnen",
        "address": "Fröhlichgasse 108",
        "plz": "8010",
        "coole_raeume": "no",
        "source": "Stadt Graz OGD - Oeffentliche Brunnen",
        "license": "CC BY 4.0",
        "opening_hours": "24/7 (when operational)"
      }
    },
    {
      "type": "Feature",
      "geometry": {
        "type": "Point",
        "coordinates": [
          15.44299481578563,
          47.047002488183395
        ]
      },
      "properties": {
        "id": "fountain_41",
        "name": "Trinkbrunnen Angergasse 43",
        "category": "Trinkbrunnen",
        "subcategory": "Trinkbrunnen",
        "address": "Angergasse 43",
        "plz": "8010",
        "coole_raeume": "no",
        "source": "Stadt Graz OGD - Oeffentliche Brunnen",
        "license": "CC BY 4.0",
        "opening_hours": "24/7 (when operational)"
      }
    },
    {
      "type": "Feature",
      "geometry": {
        "type": "Point",
        "coordinates": [
          15.430517143576443,
          47.070876755563084
        ]
      },
      "properties": {
        "id": "fountain_45",
        "name": "Trinkbrunnen Dominikanergasse 1",
        "category": "Trinkbrunnen",
        "subcategory": "Trinkbrunnen",
        "address": "Dominikanergasse 1",
        "plz": "8020",
        "coole_raeume": "no",
        "source": "Stadt Graz OGD - Oeffentliche Brunnen",
        "license": "CC BY 4.0",
        "opening_hours": "24/7 (when operational)"
      }
    },
    {
      "type": "Feature",
      "geometry": {
        "type": "Point",
        "coordinates": [
          15.442237735255343,
          47.06727950630578
        ]
      },
      "properties": {
        "id": "fountain_46",
        "name": "Trinkbrunnen Jakominiplatz 16",
        "category": "Trinkbrunnen",
        "subcategory": "Trinkbrunnen",
        "address": "Jakominiplatz 16",
        "plz": "8010",
        "coole_raeume": "no",
        "source": "Stadt Graz OGD - Oeffentliche Brunnen",
        "license": "CC BY 4.0",
        "opening_hours": "24/7 (when operational)"
      }
    },
    {
      "type": "Feature",
      "geometry": {
        "type": "Point",
        "coordinates": [
          15.468894572073834,
          47.06671320816613
        ]
      },
      "properties": {
        "id": "fountain_47",
        "name": "Trinkbrunnen Waltendorfer Hauptstraße 31a",
        "category": "Trinkbrunnen",
        "subcategory": "Trinkbrunnen",
        "address": "Waltendorfer Hauptstraße 31a",
        "plz": "8010",
        "coole_raeume": "no",
        "source": "Stadt Graz OGD - Oeffentliche Brunnen",
        "license": "CC BY 4.0",
        "opening_hours": "24/7 (when operational)"
      }
    },
    {
      "type": "Feature",
      "geometry": {
        "type": "Point",
        "coordinates": [
          15.450142871545651,
          47.07611140296688
        ]
      },
      "properties": {
        "id": "fountain_52",
        "name": "Trinkbrunnen Halbärthgasse 16",
        "category": "Trinkbrunnen",
        "subcategory": "Trinkbrunnen",
        "address": "Halbärthgasse 16",
        "plz": "8010",
        "coole_raeume": "no",
        "source": "Stadt Graz OGD - Oeffentliche Brunnen",
        "license": "CC BY 4.0",
        "opening_hours": "24/7 (when operational)"
      }
    },
    {
      "type": "Feature",
      "geometry": {
        "type": "Point",
        "coordinates": [
          15.438520306375755,
          47.06965171387819
        ]
      },
      "properties": {
        "id": "fountain_53",
        "name": "Trinkbrunnen Landhausgasse 3",
        "category": "Trinkbrunnen",
        "subcategory": "Trinkbrunnen",
        "address": "Landhausgasse 3",
        "plz": "8010",
        "coole_raeume": "no",
        "source": "Stadt Graz OGD - Oeffentliche Brunnen",
        "license": "CC BY 4.0",
        "opening_hours": "24/7 (when operational)"
      }
    },
    {
      "type": "Feature",
      "geometry": {
        "type": "Point",
        "coordinates": [
          15.403386564029393,
          47.05442529581001
        ]
      },
      "properties": {
        "id": "fountain_55",
        "name": "Trinkbrunnen Wachtelgasse 23",
        "category": "Trinkbrunnen",
        "subcategory": "Trinkbrunnen",
        "address": "Wachtelgasse 23",
        "plz": "8020",
        "coole_raeume": "no",
        "source": "Stadt Graz OGD - Oeffentliche Brunnen",
        "license": "CC BY 4.0",
        "opening_hours": "24/7 (when operational)"
      }
    },
    {
      "type": "Feature",
      "geometry": {
        "type": "Point",
        "coordinates": [
          15.437378802089265,
          47.073914619196806
        ]
      },
      "properties": {
        "id": "fountain_58",
        "name": "Trinkbrunnen Schloßberg 3",
        "category": "Trinkbrunnen",
        "subcategory": "Trinkbrunnen",
        "address": "Schloßberg 3",
        "plz": "8010",
        "coole_raeume": "no",
        "source": "Stadt Graz OGD - Oeffentliche Brunnen",
        "license": "CC BY 4.0",
        "opening_hours": "24/7 (when operational)"
      }
    },
    {
      "type": "Feature",
      "geometry": {
        "type": "Point",
        "coordinates": [
          15.39442359891312,
          47.10043871171456
        ]
      },
      "properties": {
        "id": "fountain_59",
        "name": "Trinkbrunnen Anton-Kleinoscheg-Straße 1",
        "category": "Trinkbrunnen",
        "subcategory": "Trinkbrunnen",
        "address": "Anton-Kleinoscheg-Straße 1",
        "plz": "8051",
        "coole_raeume": "no",
        "source": "Stadt Graz OGD - Oeffentliche Brunnen",
        "license": "CC BY 4.0",
        "opening_hours": "24/7 (when operational)"
      }
    },
    {
      "type": "Feature",
      "geometry": {
        "type": "Point",
        "coordinates": [
          15.46842143670118,
          46.99813872846883
        ]
      },
      "properties": {
        "id": "fountain_62",
        "name": "Trinkbrunnen Kanalweg",
        "category": "Trinkbrunnen",
        "subcategory": "Trinkbrunnen",
        "address": "Kanalweg",
        "plz": "8020",
        "coole_raeume": "no",
        "source": "Stadt Graz OGD - Oeffentliche Brunnen",
        "license": "CC BY 4.0",
        "opening_hours": "24/7 (when operational)"
      }
    },
    {
      "type": "Feature",
      "geometry": {
        "type": "Point",
        "coordinates": [
          15.441065895707657,
          47.04657428071274
        ]
      },
      "properties": {
        "id": "fountain_63",
        "name": "Trinkbrunnen Lagergasse 257",
        "category": "Trinkbrunnen",
        "subcategory": "Trinkbrunnen",
        "address": "Lagergasse 257",
        "plz": "8020",
        "coole_raeume": "no",
        "source": "Stadt Graz OGD - Oeffentliche Brunnen",
        "license": "CC BY 4.0",
        "opening_hours": "24/7 (when operational)"
      }
    },
    {
      "type": "Feature",
      "geometry": {
        "type": "Point",
        "coordinates": [
          15.410483853155878,
          47.061889744143265
        ]
      },
      "properties": {
        "id": "fountain_64",
        "name": "Trinkbrunnen Reininghauspark 5",
        "category": "Trinkbrunnen",
        "subcategory": "Trinkbrunnen",
        "address": "Reininghauspark 5",
        "plz": "8020",
        "coole_raeume": "no",
        "source": "Stadt Graz OGD - Oeffentliche Brunnen",
        "license": "CC BY 4.0",
        "opening_hours": "24/7 (when operational)"
      }
    },
    {
      "type": "Feature",
      "geometry": {
        "type": "Point",
        "coordinates": [
          15.451199872251106,
          47.07073252693265
        ]
      },
      "properties": {
        "id": "fountain_65",
        "name": "Trinkbrunnen Naglergasse 9",
        "category": "Trinkbrunnen",
        "subcategory": "Trinkbrunnen",
        "address": "Naglergasse 9",
        "plz": "8010",
        "coole_raeume": "no",
        "source": "Stadt Graz OGD - Oeffentliche Brunnen",
        "license": "CC BY 4.0",
        "opening_hours": "24/7 (when operational)"
      }
    },
    {
      "type": "Feature",
      "geometry": {
        "type": "Point",
        "coordinates": [
          15.436285549792984,
          47.059992398100064
        ]
      },
      "properties": {
        "id": "fountain_67",
        "name": "Trinkbrunnen Neuholdaugasse 18",
        "category": "Trinkbrunnen",
        "subcategory": "Trinkbrunnen",
        "address": "Neuholdaugasse 18",
        "plz": "8010",
        "coole_raeume": "no",
        "source": "Stadt Graz OGD - Oeffentliche Brunnen",
        "license": "CC BY 4.0",
        "opening_hours": "24/7 (when operational)"
      }
    },
    {
      "type": "Feature",
      "geometry": {
        "type": "Point",
        "coordinates": [
          15.432303850054184,
          47.058767857194134
        ]
      },
      "properties": {
        "id": "fountain_68",
        "name": "Trinkbrunnen Schützgasse 13",
        "category": "Trinkbrunnen",
        "subcategory": "Trinkbrunnen",
        "address": "Schützgasse 13",
        "plz": "8020",
        "coole_raeume": "no",
        "source": "Stadt Graz OGD - Oeffentliche Brunnen",
        "license": "CC BY 4.0",
        "opening_hours": "24/7 (when operational)"
      }
    },
    {
      "type": "Feature",
      "geometry": {
        "type": "Point",
        "coordinates": [
          15.43875336000865,
          47.051962935046184
        ]
      },
      "properties": {
        "id": "fountain_69",
        "name": "Trinkbrunnen Angergasse 1",
        "category": "Trinkbrunnen",
        "subcategory": "Trinkbrunnen",
        "address": "Angergasse 1",
        "plz": "8010",
        "coole_raeume": "no",
        "source": "Stadt Graz OGD - Oeffentliche Brunnen",
        "license": "CC BY 4.0",
        "opening_hours": "24/7 (when operational)"
      }
    },
    {
      "type": "Feature",
      "geometry": {
        "type": "Point",
        "coordinates": [
          15.434078697807355,
          47.07226944787075
        ]
      },
      "properties": {
        "id": "fountain_71",
        "name": "Trinkbrunnen Lendkai 15",
        "category": "Trinkbrunnen",
        "subcategory": "Trinkbrunnen",
        "address": "Lendkai 15",
        "plz": "8020",
        "coole_raeume": "no",
        "source": "Stadt Graz OGD - Oeffentliche Brunnen",
        "license": "CC BY 4.0",
        "opening_hours": "24/7 (when operational)"
      }
    },
    {
      "type": "Feature",
      "geometry": {
        "type": "Point",
        "coordinates": [
          15.456468710652873,
          47.05101993556308
        ]
      },
      "properties": {
        "id": "fountain_72",
        "name": "Trinkbrunnen Harmsdorfgasse 12",
        "category": "Trinkbrunnen",
        "subcategory": "Trinkbrunnen",
        "address": "Harmsdorfgasse 12",
        "plz": "8010",
        "coole_raeume": "no",
        "source": "Stadt Graz OGD - Oeffentliche Brunnen",
        "license": "CC BY 4.0",
        "opening_hours": "24/7 (when operational)"
      }
    },
    {
      "type": "Feature",
      "geometry": {
        "type": "Point",
        "coordinates": [
          15.469723318422082,
          47.05043199931923
        ]
      },
      "properties": {
        "id": "fountain_73",
        "name": "Trinkbrunnen Petrifelderstraße 39",
        "category": "Trinkbrunnen",
        "subcategory": "Trinkbrunnen",
        "address": "Petrifelderstraße 39",
        "plz": "8010",
        "coole_raeume": "no",
        "source": "Stadt Graz OGD - Oeffentliche Brunnen",
        "license": "CC BY 4.0",
        "opening_hours": "24/7 (when operational)"
      }
    },
    {
      "type": "Feature",
      "geometry": {
        "type": "Point",
        "coordinates": [
          15.403730584333461,
          47.02483780006312
        ]
      },
      "properties": {
        "id": "fountain_74",
        "name": "Trinkbrunnen Hafnerstraße",
        "category": "Trinkbrunnen",
        "subcategory": "Trinkbrunnen",
        "address": "Hafnerstraße",
        "plz": "8020",
        "coole_raeume": "no",
        "source": "Stadt Graz OGD - Oeffentliche Brunnen",
        "license": "CC BY 4.0",
        "opening_hours": "24/7 (when operational)"
      }
    },
    {
      "type": "Feature",
      "geometry": {
        "type": "Point",
        "coordinates": [
          15.396553907474349,
          47.057535252091164
        ]
      },
      "properties": {
        "id": "fountain_75",
        "name": "Trinkbrunnen Schererstraße 11",
        "category": "Trinkbrunnen",
        "subcategory": "Trinkbrunnen",
        "address": "Schererstraße 11",
        "plz": "8020",
        "coole_raeume": "no",
        "source": "Stadt Graz OGD - Oeffentliche Brunnen",
        "license": "CC BY 4.0",
        "opening_hours": "24/7 (when operational)"
      }
    },
    {
      "type": "Feature",
      "geometry": {
        "type": "Point",
        "coordinates": [
          15.410364909193511,
          47.0647985922452
        ]
      },
      "properties": {
        "id": "fountain_76",
        "name": "Trinkbrunnen UNESCO-Esplanade 6",
        "category": "Trinkbrunnen",
        "subcategory": "Trinkbrunnen",
        "address": "UNESCO-Esplanade 6",
        "plz": "8020",
        "coole_raeume": "no",
        "source": "Stadt Graz OGD - Oeffentliche Brunnen",
        "license": "CC BY 4.0",
        "opening_hours": "24/7 (when operational)"
      }
    },
    {
      "type": "Feature",
      "geometry": {
        "type": "Point",
        "coordinates": [
          15.42548870001566,
          47.09258998094641
        ]
      },
      "properties": {
        "id": "fountain_77",
        "name": "Trinkbrunnen Theodor-Körner-Straße 160",
        "category": "Trinkbrunnen",
        "subcategory": "Trinkbrunnen",
        "address": "Theodor-Körner-Straße 160",
        "plz": "8010",
        "coole_raeume": "no",
        "source": "Stadt Graz OGD - Oeffentliche Brunnen",
        "license": "CC BY 4.0",
        "opening_hours": "24/7 (when operational)"
      }
    },
    {
      "type": "Feature",
      "geometry": {
        "type": "Point",
        "coordinates": [
          15.392847532448,
          47.03753600208367
        ]
      },
      "properties": {
        "id": "fountain_78",
        "name": "Trinkbrunnen Olga-Rudel-Zeynek-Gasse 23",
        "category": "Trinkbrunnen",
        "subcategory": "Trinkbrunnen",
        "address": "Olga-Rudel-Zeynek-Gasse 23",
        "plz": "8020",
        "coole_raeume": "no",
        "source": "Stadt Graz OGD - Oeffentliche Brunnen",
        "license": "CC BY 4.0",
        "opening_hours": "24/7 (when operational)"
      }
    },
    {
      "type": "Feature",
      "geometry": {
        "type": "Point",
        "coordinates": [
          15.426163072504071,
          47.04883104174364
        ]
      },
      "properties": {
        "id": "fountain_79",
        "name": "Trinkbrunnen Kantgasse 15",
        "category": "Trinkbrunnen",
        "subcategory": "Trinkbrunnen",
        "address": "Kantgasse 15",
        "plz": "8020",
        "coole_raeume": "no",
        "source": "Stadt Graz OGD - Oeffentliche Brunnen",
        "license": "CC BY 4.0",
        "opening_hours": "24/7 (when operational)"
      }
    },
    {
      "type": "Feature",
      "geometry": {
        "type": "Point",
        "coordinates": [
          15.412390843849074,
          47.109030443897765
        ]
      },
      "properties": {
        "id": "fountain_80",
        "name": "Trinkbrunnen Andritzer Reichsstraße 97",
        "category": "Trinkbrunnen",
        "subcategory": "Trinkbrunnen",
        "address": "Andritzer Reichsstraße 97",
        "plz": "8045",
        "coole_raeume": "no",
        "source": "Stadt Graz OGD - Oeffentliche Brunnen",
        "license": "CC BY 4.0",
        "opening_hours": "24/7 (when operational)"
      }
    },
    {
      "type": "Feature",
      "geometry": {
        "type": "Point",
        "coordinates": [
          15.466413806503404,
          47.06739331294554
        ]
      },
      "properties": {
        "id": "fountain_82",
        "name": "Trinkbrunnen Schulgasse 22",
        "category": "Trinkbrunnen",
        "subcategory": "Trinkbrunnen",
        "address": "Schulgasse 22",
        "plz": "8010",
        "coole_raeume": "no",
        "source": "Stadt Graz OGD - Oeffentliche Brunnen",
        "license": "CC BY 4.0",
        "opening_hours": "24/7 (when operational)"
      }
    },
    {
      "type": "Feature",
      "geometry": {
        "type": "Point",
        "coordinates": [
          15.44375270684295,
          47.063348913838915
        ]
      },
      "properties": {
        "id": "fountain_83",
        "name": "Trinkbrunnen Ortweinplatz 2",
        "category": "Trinkbrunnen",
        "subcategory": "Trinkbrunnen",
        "address": "Ortweinplatz 2",
        "plz": "8010",
        "coole_raeume": "no",
        "source": "Stadt Graz OGD - Oeffentliche Brunnen",
        "license": "CC BY 4.0",
        "opening_hours": "24/7 (when operational)"
      }
    },
    {
      "type": "Feature",
      "geometry": {
        "type": "Point",
        "coordinates": [
          15.419460971577575,
          47.04772356395476
        ]
      },
      "properties": {
        "id": "fountain_84",
        "name": "Trinkbrunnen Am Wagrain 10",
        "category": "Trinkbrunnen",
        "subcategory": "Trinkbrunnen",
        "address": "Am Wagrain 10",
        "plz": "8020",
        "coole_raeume": "no",
        "source": "Stadt Graz OGD - Oeffentliche Brunnen",
        "license": "CC BY 4.0",
        "opening_hours": "24/7 (when operational)"
      }
    },
    {
      "type": "Feature",
      "geometry": {
        "type": "Point",
        "coordinates": [
          15.401076242536849,
          47.073030450350196
        ]
      },
      "properties": {
        "id": "fountain_85",
        "name": "Trinkbrunnen Georgigasse 51",
        "category": "Trinkbrunnen",
        "subcategory": "Trinkbrunnen",
        "address": "Georgigasse 51",
        "plz": "8020",
        "coole_raeume": "no",
        "source": "Stadt Graz OGD - Oeffentliche Brunnen",
        "license": "CC BY 4.0",
        "opening_hours": "24/7 (when operational)"
      }
    },
    {
      "type": "Feature",
      "geometry": {
        "type": "Point",
        "coordinates": [
          15.439031412827866,
          47.066585737689785
        ]
      },
      "properties": {
        "id": "fountain_87",
        "name": "Trinkbrunnen Radetzkystraße 15",
        "category": "Trinkbrunnen",
        "subcategory": "Trinkbrunnen",
        "address": "Radetzkystraße 15",
        "plz": "8010",
        "coole_raeume": "no",
        "source": "Stadt Graz OGD - Oeffentliche Brunnen",
        "license": "CC BY 4.0",
        "opening_hours": "24/7 (when operational)"
      }
    },
    {
      "type": "Feature",
      "geometry": {
        "type": "Point",
        "coordinates": [
          15.418722935436648,
          47.07193246871762
        ]
      },
      "properties": {
        "id": "fountain_91",
        "name": "Trinkbrunnen Bahnhofgürtel 85",
        "category": "Trinkbrunnen",
        "subcategory": "Trinkbrunnen",
        "address": "Bahnhofgürtel 85",
        "plz": "8020",
        "coole_raeume": "no",
        "source": "Stadt Graz OGD - Oeffentliche Brunnen",
        "license": "CC BY 4.0",
        "opening_hours": "24/7 (when operational)"
      }
    },
    {
      "type": "Feature",
      "geometry": {
        "type": "Point",
        "coordinates": [
          15.426043862992362,
          47.07384548248918
        ]
      },
      "properties": {
        "id": "fountain_92",
        "name": "Trinkbrunnen Volksgartenstraße 11",
        "category": "Trinkbrunnen",
        "subcategory": "Trinkbrunnen",
        "address": "Volksgartenstraße 11",
        "plz": "8020",
        "coole_raeume": "no",
        "source": "Stadt Graz OGD - Oeffentliche Brunnen",
        "license": "CC BY 4.0",
        "opening_hours": "24/7 (when operational)"
      }
    },
    {
      "type": "Feature",
      "geometry": {
        "type": "Point",
        "coordinates": [
          15.404732075372147,
          47.07636210710105
        ]
      },
      "properties": {
        "id": "fountain_94",
        "name": "Trinkbrunnen Vinzenzgasse 56",
        "category": "Trinkbrunnen",
        "subcategory": "Trinkbrunnen",
        "address": "Vinzenzgasse 56",
        "plz": "8020",
        "coole_raeume": "no",
        "source": "Stadt Graz OGD - Oeffentliche Brunnen",
        "license": "CC BY 4.0",
        "opening_hours": "24/7 (when operational)"
      }
    },
    {
      "type": "Feature",
      "geometry": {
        "type": "Point",
        "coordinates": [
          15.392861119067986,
          47.034815206060514
        ]
      },
      "properties": {
        "id": "fountain_96",
        "name": "Trinkbrunnen Martinhofstraße 88",
        "category": "Trinkbrunnen",
        "subcategory": "Trinkbrunnen",
        "address": "Martinhofstraße 88",
        "plz": "8020",
        "coole_raeume": "no",
        "source": "Stadt Graz OGD - Oeffentliche Brunnen",
        "license": "CC BY 4.0",
        "opening_hours": "24/7 (when operational)"
      }
    },
    {
      "type": "Feature",
      "geometry": {
        "type": "Point",
        "coordinates": [
          15.45206476794092,
          47.02743683850845
        ]
      },
      "properties": {
        "id": "fountain_97",
        "name": "Trinkbrunnen Gasometerweg 3",
        "category": "Trinkbrunnen",
        "subcategory": "Trinkbrunnen",
        "address": "Gasometerweg 3",
        "plz": "8020",
        "coole_raeume": "no",
        "source": "Stadt Graz OGD - Oeffentliche Brunnen",
        "license": "CC BY 4.0",
        "opening_hours": "24/7 (when operational)"
      }
    },
    {
      "type": "Feature",
      "geometry": {
        "type": "Point",
        "coordinates": [
          15.418147551416043,
          47.08233217668845
        ]
      },
      "properties": {
        "id": "fountain_99",
        "name": "Trinkbrunnen Leuzenhofgasse 4",
        "category": "Trinkbrunnen",
        "subcategory": "Trinkbrunnen",
        "address": "Leuzenhofgasse 4",
        "plz": "8020",
        "coole_raeume": "no",
        "source": "Stadt Graz OGD - Oeffentliche Brunnen",
        "license": "CC BY 4.0",
        "opening_hours": "24/7 (when operational)"
      }
    },
    {
      "type": "Feature",
      "geometry": {
        "type": "Point",
        "coordinates": [
          15.422741205754045,
          47.06599109781325
        ]
      },
      "properties": {
        "id": "fountain_100",
        "name": "Trinkbrunnen Josef-Huber-Gasse 28",
        "category": "Trinkbrunnen",
        "subcategory": "Trinkbrunnen",
        "address": "Josef-Huber-Gasse 28",
        "plz": "8020",
        "coole_raeume": "no",
        "source": "Stadt Graz OGD - Oeffentliche Brunnen",
        "license": "CC BY 4.0",
        "opening_hours": "24/7 (when operational)"
      }
    },
    {
      "type": "Feature",
      "geometry": {
        "type": "Point",
        "coordinates": [
          15.435303222483707,
          47.066129086596035
        ]
      },
      "properties": {
        "id": "fountain_102",
        "name": "Trinkbrunnen Radetzkystraße 33",
        "category": "Trinkbrunnen",
        "subcategory": "Trinkbrunnen",
        "address": "Radetzkystraße 33",
        "plz": "8010",
        "coole_raeume": "no",
        "source": "Stadt Graz OGD - Oeffentliche Brunnen",
        "license": "CC BY 4.0",
        "opening_hours": "24/7 (when operational)"
      }
    },
    {
      "type": "Feature",
      "geometry": {
        "type": "Point",
        "coordinates": [
          15.41434152341259,
          47.09661033734317
        ]
      },
      "properties": {
        "id": "fountain_103",
        "name": "Trinkbrunnen Augasse 118",
        "category": "Trinkbrunnen",
        "subcategory": "Trinkbrunnen",
        "address": "Augasse 118",
        "plz": "8051",
        "coole_raeume": "no",
        "source": "Stadt Graz OGD - Oeffentliche Brunnen",
        "license": "CC BY 4.0",
        "opening_hours": "24/7 (when operational)"
      }
    },
    {
      "type": "Feature",
      "geometry": {
        "type": "Point",
        "coordinates": [
          15.411550952678011,
          47.040307622428045
        ]
      },
      "properties": {
        "id": "fountain_104",
        "name": "Trinkbrunnen Grillweg 8",
        "category": "Trinkbrunnen",
        "subcategory": "Trinkbrunnen",
        "address": "Grillweg 8",
        "plz": "8020",
        "coole_raeume": "no",
        "source": "Stadt Graz OGD - Oeffentliche Brunnen",
        "license": "CC BY 4.0",
        "opening_hours": "24/7 (when operational)"
      }
    },
    {
      "type": "Feature",
      "geometry": {
        "type": "Point",
        "coordinates": [
          15.461291304710711,
          47.030503584103435
        ]
      },
      "properties": {
        "id": "fountain_105",
        "name": "Trinkbrunnen Engelsdorfer Straße 54",
        "category": "Trinkbrunnen",
        "subcategory": "Trinkbrunnen",
        "address": "Engelsdorfer Straße 54",
        "plz": "8010",
        "coole_raeume": "no",
        "source": "Stadt Graz OGD - Oeffentliche Brunnen",
        "license": "CC BY 4.0",
        "opening_hours": "24/7 (when operational)"
      }
    },
    {
      "type": "Feature",
      "geometry": {
        "type": "Point",
        "coordinates": [
          15.44611871040556,
          47.03459621573413
        ]
      },
      "properties": {
        "id": "fountain_106",
        "name": "Trinkbrunnen Lagergasse 380",
        "category": "Trinkbrunnen",
        "subcategory": "Trinkbrunnen",
        "address": "Lagergasse 380",
        "plz": "8020",
        "coole_raeume": "no",
        "source": "Stadt Graz OGD - Oeffentliche Brunnen",
        "license": "CC BY 4.0",
        "opening_hours": "24/7 (when operational)"
      }
    },
    {
      "type": "Feature",
      "geometry": {
        "type": "Point",
        "coordinates": [
          15.433892526827515,
          47.07958577056706
        ]
      },
      "properties": {
        "id": "fountain_107",
        "name": "Trinkbrunnen Muchargasse 41",
        "category": "Trinkbrunnen",
        "subcategory": "Trinkbrunnen",
        "address": "Muchargasse 41",
        "plz": "8010",
        "coole_raeume": "no",
        "source": "Stadt Graz OGD - Oeffentliche Brunnen",
        "license": "CC BY 4.0",
        "opening_hours": "24/7 (when operational)"
      }
    },
    {
      "type": "Feature",
      "geometry": {
        "type": "Point",
        "coordinates": [
          15.447597701113574,
          47.056291243551655
        ]
      },
      "properties": {
        "id": "fountain_108",
        "name": "Trinkbrunnen Messeplatz 2",
        "category": "Trinkbrunnen",
        "subcategory": "Trinkbrunnen",
        "address": "Messeplatz 2",
        "plz": "8010",
        "coole_raeume": "no",
        "source": "Stadt Graz OGD - Oeffentliche Brunnen",
        "license": "CC BY 4.0",
        "opening_hours": "24/7 (when operational)"
      }
    },
    {
      "type": "Feature",
      "geometry": {
        "type": "Point",
        "coordinates": [
          15.424946765104929,
          47.08631551600203
        ]
      },
      "properties": {
        "id": "fountain_109",
        "name": "Trinkbrunnen Schwimmschulkai 108",
        "category": "Trinkbrunnen",
        "subcategory": "Trinkbrunnen",
        "address": "Schwimmschulkai 108",
        "plz": "8010",
        "coole_raeume": "no",
        "source": "Stadt Graz OGD - Oeffentliche Brunnen",
        "license": "CC BY 4.0",
        "opening_hours": "24/7 (when operational)"
      }
    },
    {
      "type": "Feature",
      "geometry": {
        "type": "Point",
        "coordinates": [
          15.394123350767167,
          47.03780199427946
        ]
      },
      "properties": {
        "id": "fountain_110",
        "name": "Trinkbrunnen Olga-Rudel-Zeynek-Gasse 10",
        "category": "Trinkbrunnen",
        "subcategory": "Trinkbrunnen",
        "address": "Olga-Rudel-Zeynek-Gasse 10",
        "plz": "8020",
        "coole_raeume": "no",
        "source": "Stadt Graz OGD - Oeffentliche Brunnen",
        "license": "CC BY 4.0",
        "opening_hours": "24/7 (when operational)"
      }
    },
    {
      "type": "Feature",
      "geometry": {
        "type": "Point",
        "coordinates": [
          15.401091361726927,
          47.047580317798484
        ]
      },
      "properties": {
        "id": "fountain_111",
        "name": "Trinkbrunnen Grottenhofstraße 32",
        "category": "Trinkbrunnen",
        "subcategory": "Trinkbrunnen",
        "address": "Grottenhofstraße 32",
        "plz": "8020",
        "coole_raeume": "no",
        "source": "Stadt Graz OGD - Oeffentliche Brunnen",
        "license": "CC BY 4.0",
        "opening_hours": "24/7 (when operational)"
      }
    },
    {
      "type": "Feature",
      "geometry": {
        "type": "Point",
        "coordinates": [
          15.454488600504531,
          47.047712573661315
        ]
      },
      "properties": {
        "id": "fountain_112",
        "name": "Trinkbrunnen Conrad-von-Hötzendorf-Straße 171",
        "category": "Trinkbrunnen",
        "subcategory": "Trinkbrunnen",
        "address": "Conrad-von-Hötzendorf-Straße 171",
        "plz": "8010",
        "coole_raeume": "no",
        "source": "Stadt Graz OGD - Oeffentliche Brunnen",
        "license": "CC BY 4.0",
        "opening_hours": "24/7 (when operational)"
      }
    },
    {
      "type": "Feature",
      "geometry": {
        "type": "Point",
        "coordinates": [
          15.396206456103297,
          47.03217772036342
        ]
      },
      "properties": {
        "id": "fountain_113",
        "name": "Trinkbrunnen Salfeldstraße 25b",
        "category": "Trinkbrunnen",
        "subcategory": "Trinkbrunnen",
        "address": "Salfeldstraße 25b",
        "plz": "8020",
        "coole_raeume": "no",
        "source": "Stadt Graz OGD - Oeffentliche Brunnen",
        "license": "CC BY 4.0",
        "opening_hours": "24/7 (when operational)"
      }
    },
    {
      "type": "Feature",
      "geometry": {
        "type": "Point",
        "coordinates": [
          15.4274463078038,
          47.063783756955516
        ]
      },
      "properties": {
        "id": "fountain_114",
        "name": "Trinkbrunnen Oeverseegasse 26",
        "category": "Trinkbrunnen",
        "subcategory": "Trinkbrunnen",
        "address": "Oeverseegasse 26",
        "plz": "8020",
        "coole_raeume": "no",
        "source": "Stadt Graz OGD - Oeffentliche Brunnen",
        "license": "CC BY 4.0",
        "opening_hours": "24/7 (when operational)"
      }
    },
    {
      "type": "Feature",
      "geometry": {
        "type": "Point",
        "coordinates": [
          15.442162688770763,
          47.077201448116305
        ]
      },
      "properties": {
        "id": "fountain_115",
        "name": "Trinkbrunnen Maria-Theresia-Allee 5",
        "category": "Trinkbrunnen",
        "subcategory": "Trinkbrunnen",
        "address": "Maria-Theresia-Allee 5",
        "plz": "8010",
        "coole_raeume": "no",
        "source": "Stadt Graz OGD - Oeffentliche Brunnen",
        "license": "CC BY 4.0",
        "opening_hours": "24/7 (when operational)"
      }
    },
    {
      "type": "Feature",
      "geometry": {
        "type": "Point",
        "coordinates": [
          15.460431663649418,
          47.0677892839888
        ]
      },
      "properties": {
        "id": "fountain_116",
        "name": "Trinkbrunnen Ruckerlberggasse 20",
        "category": "Trinkbrunnen",
        "subcategory": "Trinkbrunnen",
        "address": "Ruckerlberggasse 20",
        "plz": "8010",
        "coole_raeume": "no",
        "source": "Stadt Graz OGD - Oeffentliche Brunnen",
        "license": "CC BY 4.0",
        "opening_hours": "24/7 (when operational)"
      }
    },
    {
      "type": "Feature",
      "geometry": {
        "type": "Point",
        "coordinates": [
          15.42136046633547,
          47.11543848424493
        ]
      },
      "properties": {
        "id": "fountain_117",
        "name": "Trinkbrunnen Am Eichengrund 12",
        "category": "Trinkbrunnen",
        "subcategory": "Trinkbrunnen",
        "address": "Am Eichengrund 12",
        "plz": "8045",
        "coole_raeume": "no",
        "source": "Stadt Graz OGD - Oeffentliche Brunnen",
        "license": "CC BY 4.0",
        "opening_hours": "24/7 (when operational)"
      }
    },
    {
      "type": "Feature",
      "geometry": {
        "type": "Point",
        "coordinates": [
          15.46448768214213,
          47.01419504023795
        ]
      },
      "properties": {
        "id": "fountain_118",
        "name": "Trinkbrunnen Eichbachgasse 181",
        "category": "Trinkbrunnen",
        "subcategory": "Trinkbrunnen",
        "address": "Eichbachgasse 181",
        "plz": "8010",
        "coole_raeume": "no",
        "source": "Stadt Graz OGD - Oeffentliche Brunnen",
        "license": "CC BY 4.0",
        "opening_hours": "24/7 (when operational)"
      }
    },
    {
      "type": "Feature",
      "geometry": {
        "type": "Point",
        "coordinates": [
          15.424467633961799,
          47.071460813521426
        ]
      },
      "properties": {
        "id": "fountain_121",
        "name": "Trinkbrunnen Esperantoplatz 1",
        "category": "Trinkbrunnen",
        "subcategory": "Trinkbrunnen",
        "address": "Esperantoplatz 1",
        "plz": "8020",
        "coole_raeume": "no",
        "source": "Stadt Graz OGD - Oeffentliche Brunnen",
        "license": "CC BY 4.0",
        "opening_hours": "24/7 (when operational)"
      }
    },
    {
      "type": "Feature",
      "geometry": {
        "type": "Point",
        "coordinates": [
          15.428095605394178,
          47.06647736359076
        ]
      },
      "properties": {
        "id": "fountain_123",
        "name": "Trinkbrunnen Rösselmühlgasse 22",
        "category": "Trinkbrunnen",
        "subcategory": "Trinkbrunnen",
        "address": "Rösselmühlgasse 22",
        "plz": "8020",
        "coole_raeume": "no",
        "source": "Stadt Graz OGD - Oeffentliche Brunnen",
        "license": "CC BY 4.0",
        "opening_hours": "24/7 (when operational)"
      }
    },
    {
      "type": "Feature",
      "geometry": {
        "type": "Point",
        "coordinates": [
          15.412243777005209,
          47.06026430072016
        ]
      },
      "properties": {
        "id": "fountain_126",
        "name": "Trinkbrunnen Kratkystraße 6b",
        "category": "Trinkbrunnen",
        "subcategory": "Trinkbrunnen",
        "address": "Kratkystraße 6b",
        "plz": "8020",
        "coole_raeume": "no",
        "source": "Stadt Graz OGD - Oeffentliche Brunnen",
        "license": "CC BY 4.0",
        "opening_hours": "24/7 (when operational)"
      }
    },
    {
      "type": "Feature",
      "geometry": {
        "type": "Point",
        "coordinates": [
          15.413730653864501,
          47.10168354896848
        ]
      },
      "properties": {
        "id": "fountain_127",
        "name": "Trinkbrunnen Wasserwerkgasse 9",
        "category": "Trinkbrunnen",
        "subcategory": "Trinkbrunnen",
        "address": "Wasserwerkgasse 9",
        "plz": "8045",
        "coole_raeume": "no",
        "source": "Stadt Graz OGD - Oeffentliche Brunnen",
        "license": "CC BY 4.0",
        "opening_hours": "24/7 (when operational)"
      }
    },
    {
      "type": "Feature",
      "geometry": {
        "type": "Point",
        "coordinates": [
          15.436535974313887,
          47.06300257215198
        ]
      },
      "properties": {
        "id": "fountain_128",
        "name": "Trinkbrunnen Friedrichgasse 34",
        "category": "Trinkbrunnen",
        "subcategory": "Trinkbrunnen",
        "address": "Friedrichgasse 34",
        "plz": "8010",
        "coole_raeume": "no",
        "source": "Stadt Graz OGD - Oeffentliche Brunnen",
        "license": "CC BY 4.0",
        "opening_hours": "24/7 (when operational)"
      }
    },
    {
      "type": "Feature",
      "geometry": {
        "type": "Point",
        "coordinates": [
          15.399949871805477,
          47.03261565234641
        ]
      },
      "properties": {
        "id": "fountain_129",
        "name": "Trinkbrunnen Straßganger Straße 429",
        "category": "Trinkbrunnen",
        "subcategory": "Trinkbrunnen",
        "address": "Straßganger Straße 429",
        "plz": "8020",
        "coole_raeume": "no",
        "source": "Stadt Graz OGD - Oeffentliche Brunnen",
        "license": "CC BY 4.0",
        "opening_hours": "24/7 (when operational)"
      }
    },
    {
      "type": "Feature",
      "geometry": {
        "type": "Point",
        "coordinates": [
          15.469753509164825,
          47.112343253144964
        ]
      },
      "properties": {
        "id": "fountain_132",
        "name": "Trinkbrunnen Plattensteig 20c",
        "category": "Trinkbrunnen",
        "subcategory": "Trinkbrunnen",
        "address": "Plattensteig 20c",
        "plz": "8010",
        "coole_raeume": "no",
        "source": "Stadt Graz OGD - Oeffentliche Brunnen",
        "license": "CC BY 4.0",
        "opening_hours": "24/7 (when operational)"
      }
    },
    {
      "type": "Feature",
      "geometry": {
        "type": "Point",
        "coordinates": [
          15.432534921264114,
          47.07393344903705
        ]
      },
      "properties": {
        "id": "fountain_134",
        "name": "Trinkbrunnen Mariahilferstraße 32",
        "category": "Trinkbrunnen",
        "subcategory": "Trinkbrunnen",
        "address": "Mariahilferstraße 32",
        "plz": "8020",
        "coole_raeume": "no",
        "source": "Stadt Graz OGD - Oeffentliche Brunnen",
        "license": "CC BY 4.0",
        "opening_hours": "24/7 (when operational)"
      }
    },
    {
      "type": "Feature",
      "geometry": {
        "type": "Point",
        "coordinates": [
          15.427011457603957,
          47.08282540284697
        ]
      },
      "properties": {
        "id": "fountain_135",
        "name": "Trinkbrunnen Lendkai 159",
        "category": "Trinkbrunnen",
        "subcategory": "Trinkbrunnen",
        "address": "Lendkai 159",
        "plz": "8020",
        "coole_raeume": "no",
        "source": "Stadt Graz OGD - Oeffentliche Brunnen",
        "license": "CC BY 4.0",
        "opening_hours": "24/7 (when operational)"
      }
    },
    {
      "type": "Feature",
      "geometry": {
        "type": "Point",
        "coordinates": [
          15.407525570069446,
          47.05904577118957
        ]
      },
      "properties": {
        "id": "fountain_138",
        "name": "Trinkbrunnen Kratkystraße 20d",
        "category": "Trinkbrunnen",
        "subcategory": "Trinkbrunnen",
        "address": "Kratkystraße 20d",
        "plz": "8020",
        "coole_raeume": "no",
        "source": "Stadt Graz OGD - Oeffentliche Brunnen",
        "license": "CC BY 4.0",
        "opening_hours": "24/7 (when operational)"
      }
    },
    {
      "type": "Feature",
      "geometry": {
        "type": "Point",
        "coordinates": [
          15.458486512760036,
          47.07637628610517
        ]
      },
      "properties": {
        "id": "fountain_139",
        "name": "Trinkbrunnen Tegetthoffplatz 1",
        "category": "Trinkbrunnen",
        "subcategory": "Trinkbrunnen",
        "address": "Tegetthoffplatz 1",
        "plz": "8010",
        "coole_raeume": "no",
        "source": "Stadt Graz OGD - Oeffentliche Brunnen",
        "license": "CC BY 4.0",
        "opening_hours": "24/7 (when operational)"
      }
    },
    {
      "type": "Feature",
      "geometry": {
        "type": "Point",
        "coordinates": [
          15.442253126983582,
          47.052111814016094
        ]
      },
      "properties": {
        "id": "fountain_140",
        "name": "Trinkbrunnen Trattenweg 10",
        "category": "Trinkbrunnen",
        "subcategory": "Trinkbrunnen",
        "address": "Trattenweg 10",
        "plz": "8010",
        "coole_raeume": "no",
        "source": "Stadt Graz OGD - Oeffentliche Brunnen",
        "license": "CC BY 4.0",
        "opening_hours": "24/7 (when operational)"
      }
    },
    {
      "type": "Feature",
      "geometry": {
        "type": "Point",
        "coordinates": [
          15.41888427113679,
          47.08349624092846
        ]
      },
      "properties": {
        "id": "fountain_141",
        "name": "Trinkbrunnen Am Fröbelpark 4",
        "category": "Trinkbrunnen",
        "subcategory": "Trinkbrunnen",
        "address": "Am Fröbelpark 4",
        "plz": "8020",
        "coole_raeume": "no",
        "source": "Stadt Graz OGD - Oeffentliche Brunnen",
        "license": "CC BY 4.0",
        "opening_hours": "24/7 (when operational)"
      }
    },
    {
      "type": "Feature",
      "geometry": {
        "type": "Point",
        "coordinates": [
          15.48007769158404,
          47.077371054450325
        ]
      },
      "properties": {
        "id": "fountain_142",
        "name": "Trinkbrunnen Ragnitzstraße 58b",
        "category": "Trinkbrunnen",
        "subcategory": "Trinkbrunnen",
        "address": "Ragnitzstraße 58b",
        "plz": "8010",
        "coole_raeume": "no",
        "source": "Stadt Graz OGD - Oeffentliche Brunnen",
        "license": "CC BY 4.0",
        "opening_hours": "24/7 (when operational)"
      }
    },
    {
      "type": "Feature",
      "geometry": {
        "type": "Point",
        "coordinates": [
          15.453369740087362,
          47.06660274334912
        ]
      },
      "properties": {
        "id": "fountain_143",
        "name": "Trinkbrunnen Felix-Dahn-Platz 2",
        "category": "Trinkbrunnen",
        "subcategory": "Trinkbrunnen",
        "address": "Felix-Dahn-Platz 2",
        "plz": "8010",
        "coole_raeume": "no",
        "source": "Stadt Graz OGD - Oeffentliche Brunnen",
        "license": "CC BY 4.0",
        "opening_hours": "24/7 (when operational)"
      }
    },
    {
      "type": "Feature",
      "geometry": {
        "type": "Point",
        "coordinates": [
          15.434636961998399,
          47.068963361969566
        ]
      },
      "properties": {
        "id": "fountain_144",
        "name": "Trinkbrunnen Grieskai 14",
        "category": "Trinkbrunnen",
        "subcategory": "Trinkbrunnen",
        "address": "Grieskai 14",
        "plz": "8020",
        "coole_raeume": "no",
        "source": "Stadt Graz OGD - Oeffentliche Brunnen",
        "license": "CC BY 4.0",
        "opening_hours": "24/7 (when operational)"
      }
    },
    {
      "type": "Feature",
      "geometry": {
        "type": "Point",
        "coordinates": [
          15.411806328577143,
          47.101160614365945
        ]
      },
      "properties": {
        "id": "fountain_146",
        "name": "Trinkbrunnen Wasserwerkgasse 10",
        "category": "Trinkbrunnen",
        "subcategory": "Trinkbrunnen",
        "address": "Wasserwerkgasse 10",
        "plz": "8045",
        "coole_raeume": "no",
        "source": "Stadt Graz OGD - Oeffentliche Brunnen",
        "license": "CC BY 4.0",
        "opening_hours": "24/7 (when operational)"
      }
    },
    {
      "type": "Feature",
      "geometry": {
        "type": "Point",
        "coordinates": [
          15.453081783800242,
          47.06192510445932
        ]
      },
      "properties": {
        "id": "fountain_147",
        "name": "Trinkbrunnen Hafnerriegel 27",
        "category": "Trinkbrunnen",
        "subcategory": "Trinkbrunnen",
        "address": "Hafnerriegel 27",
        "plz": "8010",
        "coole_raeume": "no",
        "source": "Stadt Graz OGD - Oeffentliche Brunnen",
        "license": "CC BY 4.0",
        "opening_hours": "24/7 (when operational)"
      }
    },
    {
      "type": "Feature",
      "geometry": {
        "type": "Point",
        "coordinates": [
          15.442260435857742,
          47.125503007760656
        ]
      },
      "properties": {
        "id": "fountain_148",
        "name": "Trinkbrunnen Radegunder Straße 221",
        "category": "Trinkbrunnen",
        "subcategory": "Trinkbrunnen",
        "address": "Radegunder Straße 221",
        "plz": "8045",
        "coole_raeume": "no",
        "source": "Stadt Graz OGD - Oeffentliche Brunnen",
        "license": "CC BY 4.0",
        "opening_hours": "24/7 (when operational)"
      }
    },
    {
      "type": "Feature",
      "geometry": {
        "type": "Point",
        "coordinates": [
          15.45631322044781,
          47.07084717025847
        ]
      },
      "properties": {
        "id": "fountain_149",
        "name": "Trinkbrunnen Schillerstraße 33a",
        "category": "Trinkbrunnen",
        "subcategory": "Trinkbrunnen",
        "address": "Schillerstraße 33a",
        "plz": "8010",
        "coole_raeume": "no",
        "source": "Stadt Graz OGD - Oeffentliche Brunnen",
        "license": "CC BY 4.0",
        "opening_hours": "24/7 (when operational)"
      }
    },
    {
      "type": "Feature",
      "geometry": {
        "type": "Point",
        "coordinates": [
          15.4555710440323,
          47.04621766419609
        ]
      },
      "properties": {
        "id": "fountain_150",
        "name": "Trinkbrunnen Ivica-Osim-Platz 1",
        "category": "Trinkbrunnen",
        "subcategory": "Trinkbrunnen",
        "address": "Ivica-Osim-Platz 1",
        "plz": "8010",
        "coole_raeume": "no",
        "source": "Stadt Graz OGD - Oeffentliche Brunnen",
        "license": "CC BY 4.0",
        "opening_hours": "24/7 (when operational)"
      }
    },
    {
      "type": "Feature",
      "geometry": {
        "type": "Point",
        "coordinates": [
          15.430738695013433,
          47.07517210665228
        ]
      },
      "properties": {
        "id": "fountain_151",
        "name": "Trinkbrunnen Lendplatz 39",
        "category": "Trinkbrunnen",
        "subcategory": "Trinkbrunnen",
        "address": "Lendplatz 39",
        "plz": "8020",
        "coole_raeume": "no",
        "source": "Stadt Graz OGD - Oeffentliche Brunnen",
        "license": "CC BY 4.0",
        "opening_hours": "24/7 (when operational)"
      }
    },
    {
      "type": "Feature",
      "geometry": {
        "type": "Point",
        "coordinates": [
          15.433849208127182,
          47.08322518798149
        ]
      },
      "properties": {
        "id": "fountain_155",
        "name": "Trinkbrunnen Hasnerplatz 12",
        "category": "Trinkbrunnen",
        "subcategory": "Trinkbrunnen",
        "address": "Hasnerplatz 12",
        "plz": "8010",
        "coole_raeume": "no",
        "source": "Stadt Graz OGD - Oeffentliche Brunnen",
        "license": "CC BY 4.0",
        "opening_hours": "24/7 (when operational)"
      }
    },
    {
      "type": "Feature",
      "geometry": {
        "type": "Point",
        "coordinates": [
          15.448858078792588,
          47.07007378533205
        ]
      },
      "properties": {
        "id": "fountain_156",
        "name": "Trinkbrunnen Rechbauerstraße 4a",
        "category": "Trinkbrunnen",
        "subcategory": "Trinkbrunnen",
        "address": "Rechbauerstraße 4a",
        "plz": "8010",
        "coole_raeume": "no",
        "source": "Stadt Graz OGD - Oeffentliche Brunnen",
        "license": "CC BY 4.0",
        "opening_hours": "24/7 (when operational)"
      }
    },
    {
      "type": "Feature",
      "geometry": {
        "type": "Point",
        "coordinates": [
          15.410800016891049,
          47.0573701946812
        ]
      },
      "properties": {
        "id": "fountain_158",
        "name": "Trinkbrunnen Zeugamtsweg 21",
        "category": "Trinkbrunnen",
        "subcategory": "Trinkbrunnen",
        "address": "Zeugamtsweg 21",
        "plz": "8020",
        "coole_raeume": "no",
        "source": "Stadt Graz OGD - Oeffentliche Brunnen",
        "license": "CC BY 4.0",
        "opening_hours": "24/7 (when operational)"
      }
    },
    {
      "type": "Feature",
      "geometry": {
        "type": "Point",
        "coordinates": [
          15.408234247425424,
          47.076736668520105
        ]
      },
      "properties": {
        "id": "fountain_159",
        "name": "Trinkbrunnen Dreierschützengasse 39c",
        "category": "Trinkbrunnen",
        "subcategory": "Trinkbrunnen",
        "address": "Dreierschützengasse 39c",
        "plz": "8020",
        "coole_raeume": "no",
        "source": "Stadt Graz OGD - Oeffentliche Brunnen",
        "license": "CC BY 4.0",
        "opening_hours": "24/7 (when operational)"
      }
    },
    {
      "type": "Feature",
      "geometry": {
        "type": "Point",
        "coordinates": [
          15.41127012859445,
          47.07846990652657
        ]
      },
      "properties": {
        "id": "fountain_161",
        "name": "Trinkbrunnen Waagner-Biro-Straße 78",
        "category": "Trinkbrunnen",
        "subcategory": "Trinkbrunnen",
        "address": "Waagner-Biro-Straße 78",
        "plz": "8020",
        "coole_raeume": "no",
        "source": "Stadt Graz OGD - Oeffentliche Brunnen",
        "license": "CC BY 4.0",
        "opening_hours": "24/7 (when operational)"
      }
    },
    {
      "type": "Feature",
      "geometry": {
        "type": "Point",
        "coordinates": [
          15.439839298092519,
          47.07159641244756
        ]
      },
      "properties": {
        "id": "fountain_162",
        "name": "Trinkbrunnen Färbergasse 11",
        "category": "Trinkbrunnen",
        "subcategory": "Trinkbrunnen",
        "address": "Färbergasse 11",
        "plz": "8010",
        "coole_raeume": "no",
        "source": "Stadt Graz OGD - Oeffentliche Brunnen",
        "license": "CC BY 4.0",
        "opening_hours": "24/7 (when operational)"
      }
    },
    {
      "type": "Feature",
      "geometry": {
        "type": "Point",
        "coordinates": [
          15.443238922737834,
          47.055352673926194
        ]
      },
      "properties": {
        "id": "fountain_163",
        "name": "Trinkbrunnen Pomisgasse 13",
        "category": "Trinkbrunnen",
        "subcategory": "Trinkbrunnen",
        "address": "Pomisgasse 13",
        "plz": "8010",
        "coole_raeume": "no",
        "source": "Stadt Graz OGD - Oeffentliche Brunnen",
        "license": "CC BY 4.0",
        "opening_hours": "24/7 (when operational)"
      }
    },
    {
      "type": "Feature",
      "geometry": {
        "type": "Point",
        "coordinates": [
          15.41389450906988,
          47.07283511223713
        ]
      },
      "properties": {
        "id": "fountain_164",
        "name": "Trinkbrunnen Daungasse 4",
        "category": "Trinkbrunnen",
        "subcategory": "Trinkbrunnen",
        "address": "Daungasse 4",
        "plz": "8020",
        "coole_raeume": "no",
        "source": "Stadt Graz OGD - Oeffentliche Brunnen",
        "license": "CC BY 4.0",
        "opening_hours": "24/7 (when operational)"
      }
    },
    {
      "type": "Feature",
      "geometry": {
        "type": "Point",
        "coordinates": [
          15.403878515827557,
          47.07157875819872
        ]
      },
      "properties": {
        "id": "fountain_165",
        "name": "Trinkbrunnen Vinzenzgasse 8",
        "category": "Trinkbrunnen",
        "subcategory": "Trinkbrunnen",
        "address": "Vinzenzgasse 8",
        "plz": "8020",
        "coole_raeume": "no",
        "source": "Stadt Graz OGD - Oeffentliche Brunnen",
        "license": "CC BY 4.0",
        "opening_hours": "24/7 (when operational)"
      }
    },
    {
      "type": "Feature",
      "geometry": {
        "type": "Point",
        "coordinates": [
          15.42493402716314,
          47.024173036315176
        ]
      },
      "properties": {
        "id": "fountain_166",
        "name": "Trinkbrunnen Nippelgasse 10a",
        "category": "Trinkbrunnen",
        "subcategory": "Trinkbrunnen",
        "address": "Nippelgasse 10a",
        "plz": "8020",
        "coole_raeume": "no",
        "source": "Stadt Graz OGD - Oeffentliche Brunnen",
        "license": "CC BY 4.0",
        "opening_hours": "24/7 (when operational)"
      }
    },
    {
      "type": "Feature",
      "geometry": {
        "type": "Point",
        "coordinates": [
          15.46397658280722,
          47.05349016926441
        ]
      },
      "properties": {
        "id": "fountain_168",
        "name": "Trinkbrunnen Harmsdorfgasse 68",
        "category": "Trinkbrunnen",
        "subcategory": "Trinkbrunnen",
        "address": "Harmsdorfgasse 68",
        "plz": "8010",
        "coole_raeume": "no",
        "source": "Stadt Graz OGD - Oeffentliche Brunnen",
        "license": "CC BY 4.0",
        "opening_hours": "24/7 (when operational)"
      }
    },
    {
      "type": "Feature",
      "geometry": {
        "type": "Point",
        "coordinates": [
          15.428136987093698,
          47.07830075872231
        ]
      },
      "properties": {
        "id": "fountain_169",
        "name": "Trinkbrunnen Zeillergasse 6",
        "category": "Trinkbrunnen",
        "subcategory": "Trinkbrunnen",
        "address": "Zeillergasse 6",
        "plz": "8020",
        "coole_raeume": "no",
        "source": "Stadt Graz OGD - Oeffentliche Brunnen",
        "license": "CC BY 4.0",
        "opening_hours": "24/7 (when operational)"
      }
    },
    {
      "type": "Feature",
      "geometry": {
        "type": "Point",
        "coordinates": [
          15.491019329783922,
          47.107353270280015
        ]
      },
      "properties": {
        "id": "fountain_170",
        "name": "Trinkbrunnen Kirchplatz 7",
        "category": "Trinkbrunnen",
        "subcategory": "Trinkbrunnen",
        "address": "Kirchplatz 7",
        "plz": "8010",
        "coole_raeume": "no",
        "source": "Stadt Graz OGD - Oeffentliche Brunnen",
        "license": "CC BY 4.0",
        "opening_hours": "24/7 (when operational)"
      }
    },
    {
      "type": "Feature",
      "geometry": {
        "type": "Point",
        "coordinates": [
          15.441903424380174,
          47.068361956648886
        ]
      },
      "properties": {
        "id": "fountain_172",
        "name": "Trinkbrunnen Am Eisernen Tor 10",
        "category": "Trinkbrunnen",
        "subcategory": "Trinkbrunnen",
        "address": "Am Eisernen Tor 10",
        "plz": "8010",
        "coole_raeume": "no",
        "source": "Stadt Graz OGD - Oeffentliche Brunnen",
        "license": "CC BY 4.0",
        "opening_hours": "24/7 (when operational)"
      }
    },
    {
      "type": "Feature",
      "geometry": {
        "type": "Point",
        "coordinates": [
          15.417584355588852,
          47.09544951278883
        ]
      },
      "properties": {
        "id": "fountain_173",
        "name": "Trinkbrunnen Neugasse 9",
        "category": "Trinkbrunnen",
        "subcategory": "Trinkbrunnen",
        "address": "Neugasse 9",
        "plz": "8045",
        "coole_raeume": "no",
        "source": "Stadt Graz OGD - Oeffentliche Brunnen",
        "license": "CC BY 4.0",
        "opening_hours": "24/7 (when operational)"
      }
    },
    {
      "type": "Feature",
      "geometry": {
        "type": "Point",
        "coordinates": [
          15.436243457751983,
          47.07284807869987
        ]
      },
      "properties": {
        "id": "fountain_177",
        "name": "Trinkbrunnen Sackstraße 20",
        "category": "Trinkbrunnen",
        "subcategory": "Trinkbrunnen",
        "address": "Sackstraße 20",
        "plz": "8010",
        "coole_raeume": "no",
        "source": "Stadt Graz OGD - Oeffentliche Brunnen",
        "license": "CC BY 4.0",
        "opening_hours": "24/7 (when operational)"
      }
    },
    {
      "type": "Feature",
      "geometry": {
        "type": "Point",
        "coordinates": [
          15.426192184264087,
          47.07498072590503
        ]
      },
      "properties": {
        "id": "fountain_179",
        "name": "Trinkbrunnen Sigmundstadl 47",
        "category": "Trinkbrunnen",
        "subcategory": "Trinkbrunnen",
        "address": "Sigmundstadl 47",
        "plz": "8020",
        "coole_raeume": "no",
        "source": "Stadt Graz OGD - Oeffentliche Brunnen",
        "license": "CC BY 4.0",
        "opening_hours": "24/7 (when operational)"
      }
    },
    {
      "type": "Feature",
      "geometry": {
        "type": "Point",
        "coordinates": [
          15.46037663139743,
          47.083602781293216
        ]
      },
      "properties": {
        "id": "fountain_180",
        "name": "Trinkbrunnen Hilmteichstraße 70",
        "category": "Trinkbrunnen",
        "subcategory": "Trinkbrunnen",
        "address": "Hilmteichstraße 70",
        "plz": "8010",
        "coole_raeume": "no",
        "source": "Stadt Graz OGD - Oeffentliche Brunnen",
        "license": "CC BY 4.0",
        "opening_hours": "24/7 (when operational)"
      }
    },
    {
      "type": "Feature",
      "geometry": {
        "type": "Point",
        "coordinates": [
          15.467317079388096,
          47.09447955244407
        ]
      },
      "properties": {
        "id": "fountain_182",
        "name": "Trinkbrunnen Am Rehgrund 22",
        "category": "Trinkbrunnen",
        "subcategory": "Trinkbrunnen",
        "address": "Am Rehgrund 22",
        "plz": "8010",
        "coole_raeume": "no",
        "source": "Stadt Graz OGD - Oeffentliche Brunnen",
        "license": "CC BY 4.0",
        "opening_hours": "24/7 (when operational)"
      }
    },
    {
      "type": "Feature",
      "geometry": {
        "type": "Point",
        "coordinates": [
          15.422084412029559,
          47.07202877276413
        ]
      },
      "properties": {
        "id": "fountain_183",
        "name": "Trinkbrunnen Babenbergerstraße 10",
        "category": "Trinkbrunnen",
        "subcategory": "Trinkbrunnen",
        "address": "Babenbergerstraße 10",
        "plz": "8020",
        "coole_raeume": "no",
        "source": "Stadt Graz OGD - Oeffentliche Brunnen",
        "license": "CC BY 4.0",
        "opening_hours": "24/7 (when operational)"
      }
    },
    {
      "type": "Feature",
      "geometry": {
        "type": "Point",
        "coordinates": [
          15.411967650456768,
          47.096183810608856
        ]
      },
      "properties": {
        "id": "fountain_185",
        "name": "Trinkbrunnen Augasse 130",
        "category": "Trinkbrunnen",
        "subcategory": "Trinkbrunnen",
        "address": "Augasse 130",
        "plz": "8051",
        "coole_raeume": "no",
        "source": "Stadt Graz OGD - Oeffentliche Brunnen",
        "license": "CC BY 4.0",
        "opening_hours": "24/7 (when operational)"
      }
    },
    {
      "type": "Feature",
      "geometry": {
        "type": "Point",
        "coordinates": [
          15.438942292030791,
          47.07664800916943
        ]
      },
      "properties": {
        "id": "fountain_187",
        "name": "Trinkbrunnen Schloßberg 9",
        "category": "Trinkbrunnen",
        "subcategory": "Trinkbrunnen",
        "address": "Schloßberg 9",
        "plz": "8010",
        "coole_raeume": "no",
        "source": "Stadt Graz OGD - Oeffentliche Brunnen",
        "license": "CC BY 4.0",
        "opening_hours": "24/7 (when operational)"
      }
    },
    {
      "type": "Feature",
      "geometry": {
        "type": "Point",
        "coordinates": [
          15.474947540661633,
          47.09427997170068
        ]
      },
      "properties": {
        "id": "fountain_188",
        "name": "Trinkbrunnen Roseggerweg 88",
        "category": "Trinkbrunnen",
        "subcategory": "Trinkbrunnen",
        "address": "Roseggerweg 88",
        "plz": "8010",
        "coole_raeume": "no",
        "source": "Stadt Graz OGD - Oeffentliche Brunnen",
        "license": "CC BY 4.0",
        "opening_hours": "24/7 (when operational)"
      }
    },
    {
      "type": "Feature",
      "geometry": {
        "type": "Point",
        "coordinates": [
          15.400088786458523,
          47.09320127998499
        ]
      },
      "properties": {
        "id": "fountain_189",
        "name": "Trinkbrunnen Plabutscherstraße 123",
        "category": "Trinkbrunnen",
        "subcategory": "Trinkbrunnen",
        "address": "Plabutscherstraße 123",
        "plz": "8051",
        "coole_raeume": "no",
        "source": "Stadt Graz OGD - Oeffentliche Brunnen",
        "license": "CC BY 4.0",
        "opening_hours": "24/7 (when operational)"
      }
    },
    {
      "type": "Feature",
      "geometry": {
        "type": "Point",
        "coordinates": [
          15.462805555716544,
          47.03007951719278
        ]
      },
      "properties": {
        "id": "fountain_190",
        "name": "Trinkbrunnen Engelsdorfer Straße 57a",
        "category": "Trinkbrunnen",
        "subcategory": "Trinkbrunnen",
        "address": "Engelsdorfer Straße 57a",
        "plz": "8010",
        "coole_raeume": "no",
        "source": "Stadt Graz OGD - Oeffentliche Brunnen",
        "license": "CC BY 4.0",
        "opening_hours": "24/7 (when operational)"
      }
    },
    {
      "type": "Feature",
      "geometry": {
        "type": "Point",
        "coordinates": [
          15.432918472836226,
          47.04166324222959
        ]
      },
      "properties": {
        "id": "fountain_191",
        "name": "Trinkbrunnen Tiergartenweg 10",
        "category": "Trinkbrunnen",
        "subcategory": "Trinkbrunnen",
        "address": "Tiergartenweg 10",
        "plz": "8020",
        "coole_raeume": "no",
        "source": "Stadt Graz OGD - Oeffentliche Brunnen",
        "license": "CC BY 4.0",
        "opening_hours": "24/7 (when operational)"
      }
    },
    {
      "type": "Feature",
      "geometry": {
        "type": "Point",
        "coordinates": [
          15.442128202233338,
          47.079292148151914
        ]
      },
      "properties": {
        "id": "fountain_193",
        "name": "Trinkbrunnen Wormgasse 11",
        "category": "Trinkbrunnen",
        "subcategory": "Trinkbrunnen",
        "address": "Wormgasse 11",
        "plz": "8010",
        "coole_raeume": "no",
        "source": "Stadt Graz OGD - Oeffentliche Brunnen",
        "license": "CC BY 4.0",
        "opening_hours": "24/7 (when operational)"
      }
    },
    {
      "type": "Feature",
      "geometry": {
        "type": "Point",
        "coordinates": [
          15.471024931515828,
          47.04846509078364
        ]
      },
      "properties": {
        "id": "fountain_195",
        "name": "Trinkbrunnen Banngrabenweg 50",
        "category": "Trinkbrunnen",
        "subcategory": "Trinkbrunnen",
        "address": "Banngrabenweg 50",
        "plz": "8010",
        "coole_raeume": "no",
        "source": "Stadt Graz OGD - Oeffentliche Brunnen",
        "license": "CC BY 4.0",
        "opening_hours": "24/7 (when operational)"
      }
    },
    {
      "type": "Feature",
      "geometry": {
        "type": "Point",
        "coordinates": [
          15.4217238429641,
          47.07154577210997
        ]
      },
      "properties": {
        "id": "fountain_197",
        "name": "Trinkbrunnen Annenstraße 59",
        "category": "Trinkbrunnen",
        "subcategory": "Trinkbrunnen",
        "address": "Annenstraße 59",
        "plz": "8020",
        "coole_raeume": "no",
        "source": "Stadt Graz OGD - Oeffentliche Brunnen",
        "license": "CC BY 4.0",
        "opening_hours": "24/7 (when operational)"
      }
    },
    {
      "type": "Feature",
      "geometry": {
        "type": "Point",
        "coordinates": [
          15.421857203731474,
          47.10302284288293
        ]
      },
      "properties": {
        "id": "fountain_198",
        "name": "Trinkbrunnen Andritzer Reichsstraße 42b",
        "category": "Trinkbrunnen",
        "subcategory": "Trinkbrunnen",
        "address": "Andritzer Reichsstraße 42b",
        "plz": "8045",
        "coole_raeume": "no",
        "source": "Stadt Graz OGD - Oeffentliche Brunnen",
        "license": "CC BY 4.0",
        "opening_hours": "24/7 (when operational)"
      }
    },
    {
      "type": "Feature",
      "geometry": {
        "type": "Point",
        "coordinates": [
          15.40245698535111,
          47.06850250159223
        ]
      },
      "properties": {
        "id": "fountain_199",
        "name": "Trinkbrunnen Grasbergerstraße 18",
        "category": "Trinkbrunnen",
        "subcategory": "Trinkbrunnen",
        "address": "Grasbergerstraße 18",
        "plz": "8020",
        "coole_raeume": "no",
        "source": "Stadt Graz OGD - Oeffentliche Brunnen",
        "license": "CC BY 4.0",
        "opening_hours": "24/7 (when operational)"
      }
    },
    {
      "type": "Feature",
      "geometry": {
        "type": "Point",
        "coordinates": [
          15.43020272809255,
          47.049059031072545
        ]
      },
      "properties": {
        "id": "fountain_201",
        "name": "Trinkbrunnen Dornschneidergasse 45",
        "category": "Trinkbrunnen",
        "subcategory": "Trinkbrunnen",
        "address": "Dornschneidergasse 45",
        "plz": "8020",
        "coole_raeume": "no",
        "source": "Stadt Graz OGD - Oeffentliche Brunnen",
        "license": "CC BY 4.0",
        "opening_hours": "24/7 (when operational)"
      }
    },
    {
      "type": "Feature",
      "geometry": {
        "type": "Point",
        "coordinates": [
          15.41518680499401,
          47.08314533426197
        ]
      },
      "properties": {
        "id": "fountain_203",
        "name": "Trinkbrunnen Lastenstraße 14a",
        "category": "Trinkbrunnen",
        "subcategory": "Trinkbrunnen",
        "address": "Lastenstraße 14a",
        "plz": "8020",
        "coole_raeume": "no",
        "source": "Stadt Graz OGD - Oeffentliche Brunnen",
        "license": "CC BY 4.0",
        "opening_hours": "24/7 (when operational)"
      }
    },
    {
      "type": "Feature",
      "geometry": {
        "type": "Point",
        "coordinates": [
          15.460185315450339,
          47.08196482711686
        ]
      },
      "properties": {
        "id": "fountain_205",
        "name": "Trinkbrunnen Auersperggasse 19",
        "category": "Trinkbrunnen",
        "subcategory": "Trinkbrunnen",
        "address": "Auersperggasse 19",
        "plz": "8010",
        "coole_raeume": "no",
        "source": "Stadt Graz OGD - Oeffentliche Brunnen",
        "license": "CC BY 4.0",
        "opening_hours": "24/7 (when operational)"
      }
    },
    {
      "type": "Feature",
      "geometry": {
        "type": "Point",
        "coordinates": [
          15.416703287719445,
          47.09504148800989
        ]
      },
      "properties": {
        "id": "fountain_206",
        "name": "Trinkbrunnen Augasse 16",
        "category": "Trinkbrunnen",
        "subcategory": "Trinkbrunnen",
        "address": "Augasse 16",
        "plz": "8051",
        "coole_raeume": "no",
        "source": "Stadt Graz OGD - Oeffentliche Brunnen",
        "license": "CC BY 4.0",
        "opening_hours": "24/7 (when operational)"
      }
    },
    {
      "type": "Feature",
      "geometry": {
        "type": "Point",
        "coordinates": [
          15.39608824648838,
          47.06063613117224
        ]
      },
      "properties": {
        "id": "fountain_207",
        "name": "Trinkbrunnen Reininghausstraße 81a",
        "category": "Trinkbrunnen",
        "subcategory": "Trinkbrunnen",
        "address": "Reininghausstraße 81a",
        "plz": "8020",
        "coole_raeume": "no",
        "source": "Stadt Graz OGD - Oeffentliche Brunnen",
        "license": "CC BY 4.0",
        "opening_hours": "24/7 (when operational)"
      }
    },
    {
      "type": "Feature",
      "geometry": {
        "type": "Point",
        "coordinates": [
          15.392473067382351,
          47.06063195197299
        ]
      },
      "properties": {
        "id": "fountain_209",
        "name": "Trinkbrunnen Burenstraße 82",
        "category": "Trinkbrunnen",
        "subcategory": "Trinkbrunnen",
        "address": "Burenstraße 82",
        "plz": "8020",
        "coole_raeume": "no",
        "source": "Stadt Graz OGD - Oeffentliche Brunnen",
        "license": "CC BY 4.0",
        "opening_hours": "24/7 (when operational)"
      }
    },
    {
      "type": "Feature",
      "geometry": {
        "type": "Point",
        "coordinates": [
          15.443273585447754,
          47.081063093518324
        ]
      },
      "properties": {
        "id": "fountain_210",
        "name": "Trinkbrunnen Grillparzerstraße 10",
        "category": "Trinkbrunnen",
        "subcategory": "Trinkbrunnen",
        "address": "Grillparzerstraße 10",
        "plz": "8010",
        "coole_raeume": "no",
        "source": "Stadt Graz OGD - Oeffentliche Brunnen",
        "license": "CC BY 4.0",
        "opening_hours": "24/7 (when operational)"
      }
    },
    {
      "type": "Feature",
      "geometry": {
        "type": "Point",
        "coordinates": [
          15.43578502652985,
          47.070623362558294
        ]
      },
      "properties": {
        "id": "fountain_211",
        "name": "Trinkbrunnen Neutorgasse 5",
        "category": "Trinkbrunnen",
        "subcategory": "Trinkbrunnen",
        "address": "Neutorgasse 5",
        "plz": "8010",
        "coole_raeume": "no",
        "source": "Stadt Graz OGD - Oeffentliche Brunnen",
        "license": "CC BY 4.0",
        "opening_hours": "24/7 (when operational)"
      }
    },
    {
      "type": "Feature",
      "geometry": {
        "type": "Point",
        "coordinates": [
          15.420152259492351,
          47.104375260904895
        ]
      },
      "properties": {
        "id": "fountain_212",
        "name": "Trinkbrunnen Rohrbachergasse 12",
        "category": "Trinkbrunnen",
        "subcategory": "Trinkbrunnen",
        "address": "Rohrbachergasse 12",
        "plz": "8045",
        "coole_raeume": "no",
        "source": "Stadt Graz OGD - Oeffentliche Brunnen",
        "license": "CC BY 4.0",
        "opening_hours": "24/7 (when operational)"
      }
    },
    {
      "type": "Feature",
      "geometry": {
        "type": "Point",
        "coordinates": [
          15.419357058427407,
          47.098667935628015
        ]
      },
      "properties": {
        "id": "fountain_213",
        "name": "Trinkbrunnen Grazer Straße 7",
        "category": "Trinkbrunnen",
        "subcategory": "Trinkbrunnen",
        "address": "Grazer Straße 7",
        "plz": "8045",
        "coole_raeume": "no",
        "source": "Stadt Graz OGD - Oeffentliche Brunnen",
        "license": "CC BY 4.0",
        "opening_hours": "24/7 (when operational)"
      }
    },
    {
      "type": "Feature",
      "geometry": {
        "type": "Point",
        "coordinates": [
          15.411361984477303,
          47.06223250951346
        ]
      },
      "properties": {
        "id": "fountain_214",
        "name": "Trinkbrunnen Am Steinfeld 13",
        "category": "Trinkbrunnen",
        "subcategory": "Trinkbrunnen",
        "address": "Am Steinfeld 13",
        "plz": "8020",
        "coole_raeume": "no",
        "source": "Stadt Graz OGD - Oeffentliche Brunnen",
        "license": "CC BY 4.0",
        "opening_hours": "24/7 (when operational)"
      }
    },
    {
      "type": "Feature",
      "geometry": {
        "type": "Point",
        "coordinates": [
          15.422532880875092,
          47.078264418312926
        ]
      },
      "properties": {
        "id": "fountain_215",
        "name": "Trinkbrunnen Darmstadtgasse 15",
        "category": "Trinkbrunnen",
        "subcategory": "Trinkbrunnen",
        "address": "Darmstadtgasse 15",
        "plz": "8020",
        "coole_raeume": "no",
        "source": "Stadt Graz OGD - Oeffentliche Brunnen",
        "license": "CC BY 4.0",
        "opening_hours": "24/7 (when operational)"
      }
    },
    {
      "type": "Feature",
      "geometry": {
        "type": "Point",
        "coordinates": [
          15.445125785111346,
          47.09670653990952
        ]
      },
      "properties": {
        "id": "fountain_217",
        "name": "Trinkbrunnen Oberer Plattenweg 7",
        "category": "Trinkbrunnen",
        "subcategory": "Trinkbrunnen",
        "address": "Oberer Plattenweg 7",
        "plz": "8010",
        "coole_raeume": "no",
        "source": "Stadt Graz OGD - Oeffentliche Brunnen",
        "license": "CC BY 4.0",
        "opening_hours": "24/7 (when operational)"
      }
    },
    {
      "type": "Feature",
      "geometry": {
        "type": "Point",
        "coordinates": [
          15.451600815083296,
          47.06463216518002
        ]
      },
      "properties": {
        "id": "fountain_219",
        "name": "Trinkbrunnen Stremayrgasse 10",
        "category": "Trinkbrunnen",
        "subcategory": "Trinkbrunnen",
        "address": "Stremayrgasse 10",
        "plz": "8010",
        "coole_raeume": "no",
        "source": "Stadt Graz OGD - Oeffentliche Brunnen",
        "license": "CC BY 4.0",
        "opening_hours": "24/7 (when operational)"
      }
    },
    {
      "type": "Feature",
      "geometry": {
        "type": "Point",
        "coordinates": [
          15.427412839660326,
          47.064403721798136
        ]
      },
      "properties": {
        "id": "fountain_220",
        "name": "Trinkbrunnen Oeverseegasse 12",
        "category": "Trinkbrunnen",
        "subcategory": "Trinkbrunnen",
        "address": "Oeverseegasse 12",
        "plz": "8020",
        "coole_raeume": "no",
        "source": "Stadt Graz OGD - Oeffentliche Brunnen",
        "license": "CC BY 4.0",
        "opening_hours": "24/7 (when operational)"
      }
    },
    {
      "type": "Feature",
      "geometry": {
        "type": "Point",
        "coordinates": [
          15.434344926361375,
          47.05912371216256
        ]
      },
      "properties": {
        "id": "fountain_223",
        "name": "Trinkbrunnen Grieskai 104",
        "category": "Trinkbrunnen",
        "subcategory": "Trinkbrunnen",
        "address": "Grieskai 104",
        "plz": "8020",
        "coole_raeume": "no",
        "source": "Stadt Graz OGD - Oeffentliche Brunnen",
        "license": "CC BY 4.0",
        "opening_hours": "24/7 (when operational)"
      }
    },
    {
      "type": "Feature",
      "geometry": {
        "type": "Point",
        "coordinates": [
          15.472423172410181,
          47.06166149679929
        ]
      },
      "properties": {
        "id": "fountain_224",
        "name": "Trinkbrunnen St.-Peter-Pfarrweg 35",
        "category": "Trinkbrunnen",
        "subcategory": "Trinkbrunnen",
        "address": "St.-Peter-Pfarrweg 35",
        "plz": "8010",
        "coole_raeume": "no",
        "source": "Stadt Graz OGD - Oeffentliche Brunnen",
        "license": "CC BY 4.0",
        "opening_hours": "24/7 (when operational)"
      }
    },
    {
      "type": "Feature",
      "geometry": {
        "type": "Point",
        "coordinates": [
          15.49479953392502,
          47.06974312169426
        ]
      },
      "properties": {
        "id": "fountain_226",
        "name": "Trinkbrunnen Lustbühelstraße 28",
        "category": "Trinkbrunnen",
        "subcategory": "Trinkbrunnen",
        "address": "Lustbühelstraße 28",
        "plz": "8010",
        "coole_raeume": "no",
        "source": "Stadt Graz OGD - Oeffentliche Brunnen",
        "license": "CC BY 4.0",
        "opening_hours": "24/7 (when operational)"
      }
    },
    {
      "type": "Feature",
      "geometry": {
        "type": "Point",
        "coordinates": [
          15.446352249408589,
          47.06662525090424
        ]
      },
      "properties": {
        "id": "fountain_227",
        "name": "Trinkbrunnen Dietrichsteinplatz 16",
        "category": "Trinkbrunnen",
        "subcategory": "Trinkbrunnen",
        "address": "Dietrichsteinplatz 16",
        "plz": "8010",
        "coole_raeume": "no",
        "source": "Stadt Graz OGD - Oeffentliche Brunnen",
        "license": "CC BY 4.0",
        "opening_hours": "24/7 (when operational)"
      }
    },
    {
      "type": "Feature",
      "geometry": {
        "type": "Point",
        "coordinates": [
          15.441021029563151,
          47.07300986081255
        ]
      },
      "properties": {
        "id": "fountain_228",
        "name": "Trinkbrunnen Freiheitsplatz 4",
        "category": "Trinkbrunnen",
        "subcategory": "Trinkbrunnen",
        "address": "Freiheitsplatz 4",
        "plz": "8010",
        "coole_raeume": "no",
        "source": "Stadt Graz OGD - Oeffentliche Brunnen",
        "license": "CC BY 4.0",
        "opening_hours": "24/7 (when operational)"
      }
    },
    {
      "type": "Feature",
      "geometry": {
        "type": "Point",
        "coordinates": [
          15.421536093264123,
          47.09141328578285
        ]
      },
      "properties": {
        "id": "fountain_231",
        "name": "Trinkbrunnen Schwimmschulkai",
        "category": "Trinkbrunnen",
        "subcategory": "Trinkbrunnen",
        "address": "Schwimmschulkai",
        "plz": "8010",
        "coole_raeume": "no",
        "source": "Stadt Graz OGD - Oeffentliche Brunnen",
        "license": "CC BY 4.0",
        "opening_hours": "24/7 (when operational)"
      }
    },
    {
      "type": "Feature",
      "geometry": {
        "type": "Point",
        "coordinates": [
          15.443240265631669,
          47.04482657360507
        ]
      },
      "properties": {
        "id": "fountain_232",
        "name": "Trinkbrunnen Theyergasse 11",
        "category": "Trinkbrunnen",
        "subcategory": "Trinkbrunnen",
        "address": "Theyergasse 11",
        "plz": "8010",
        "coole_raeume": "no",
        "source": "Stadt Graz OGD - Oeffentliche Brunnen",
        "license": "CC BY 4.0",
        "opening_hours": "24/7 (when operational)"
      }
    },
    {
      "type": "Feature",
      "geometry": {
        "type": "Point",
        "coordinates": [
          15.435631607924284,
          47.06861160878156
        ]
      },
      "properties": {
        "id": "fountain_233",
        "name": "Trinkbrunnen Marburger Kai 43",
        "category": "Trinkbrunnen",
        "subcategory": "Trinkbrunnen",
        "address": "Marburger Kai 43",
        "plz": "8010",
        "coole_raeume": "no",
        "source": "Stadt Graz OGD - Oeffentliche Brunnen",
        "license": "CC BY 4.0",
        "opening_hours": "24/7 (when operational)"
      }
    },
    {
      "type": "Feature",
      "geometry": {
        "type": "Point",
        "coordinates": [
          15.408665178811761,
          47.075147992593664
        ]
      },
      "properties": {
        "id": "fountain_234",
        "name": "Trinkbrunnen Starhemberggasse 32",
        "category": "Trinkbrunnen",
        "subcategory": "Trinkbrunnen",
        "address": "Starhemberggasse 32",
        "plz": "8020",
        "coole_raeume": "no",
        "source": "Stadt Graz OGD - Oeffentliche Brunnen",
        "license": "CC BY 4.0",
        "opening_hours": "24/7 (when operational)"
      }
    },
    {
      "type": "Feature",
      "geometry": {
        "type": "Point",
        "coordinates": [
          15.426536355341403,
          47.079954080430426
        ]
      },
      "properties": {
        "id": "fountain_235",
        "name": "Trinkbrunnen Grüne Gasse 17",
        "category": "Trinkbrunnen",
        "subcategory": "Trinkbrunnen",
        "address": "Grüne Gasse 17",
        "plz": "8020",
        "coole_raeume": "no",
        "source": "Stadt Graz OGD - Oeffentliche Brunnen",
        "license": "CC BY 4.0",
        "opening_hours": "24/7 (when operational)"
      }
    },
    {
      "type": "Feature",
      "geometry": {
        "type": "Point",
        "coordinates": [
          15.438544141305597,
          47.07076870443205
        ]
      },
      "properties": {
        "id": "fountain_236",
        "name": "Trinkbrunnen Hauptplatz 2",
        "category": "Trinkbrunnen",
        "subcategory": "Trinkbrunnen",
        "address": "Hauptplatz 2",
        "plz": "8010",
        "coole_raeume": "no",
        "source": "Stadt Graz OGD - Oeffentliche Brunnen",
        "license": "CC BY 4.0",
        "opening_hours": "24/7 (when operational)"
      }
    },
    {
      "type": "Feature",
      "geometry": {
        "type": "Point",
        "coordinates": [
          15.459110896341913,
          47.068802647072026
        ]
      },
      "properties": {
        "id": "fountain_237",
        "name": "Trinkbrunnen Schillerplatz 1",
        "category": "Trinkbrunnen",
        "subcategory": "Trinkbrunnen",
        "address": "Schillerplatz 1",
        "plz": "8010",
        "coole_raeume": "no",
        "source": "Stadt Graz OGD - Oeffentliche Brunnen",
        "license": "CC BY 4.0",
        "opening_hours": "24/7 (when operational)"
      }
    },
    {
      "type": "Feature",
      "geometry": {
        "type": "Point",
        "coordinates": [
          15.400473376730025,
          47.02461810368045
        ]
      },
      "properties": {
        "id": "fountain_238",
        "name": "Trinkbrunnen Kärntner Straße 394",
        "category": "Trinkbrunnen",
        "subcategory": "Trinkbrunnen",
        "address": "Kärntner Straße 394",
        "plz": "8020",
        "coole_raeume": "no",
        "source": "Stadt Graz OGD - Oeffentliche Brunnen",
        "license": "CC BY 4.0",
        "opening_hours": "24/7 (when operational)"
      }
    },
    {
      "type": "Feature",
      "geometry": {
        "type": "Point",
        "coordinates": [
          15.375990887147887,
          47.0970612556757
        ]
      },
      "properties": {
        "id": "fountain_239",
        "name": "Trinkbrunnen Thalstraße 145",
        "category": "Trinkbrunnen",
        "subcategory": "Trinkbrunnen",
        "address": "Thalstraße 145",
        "plz": "8051",
        "coole_raeume": "no",
        "source": "Stadt Graz OGD - Oeffentliche Brunnen",
        "license": "CC BY 4.0",
        "opening_hours": "24/7 (when operational)"
      }
    },
    {
      "type": "Feature",
      "geometry": {
        "type": "Point",
        "coordinates": [
          15.395405869239962,
          47.07249606201492
        ]
      },
      "properties": {
        "id": "fountain_240",
        "name": "Trinkbrunnen Eggenberger Allee 86",
        "category": "Trinkbrunnen",
        "subcategory": "Trinkbrunnen",
        "address": "Eggenberger Allee 86",
        "plz": "8020",
        "coole_raeume": "no",
        "source": "Stadt Graz OGD - Oeffentliche Brunnen",
        "license": "CC BY 4.0",
        "opening_hours": "24/7 (when operational)"
      }
    },
    {
      "type": "Feature",
      "geometry": {
        "type": "Point",
        "coordinates": [
          15.415568055644595,
          47.06369767356321
        ]
      },
      "properties": {
        "id": "fountain_242",
        "name": "Trinkbrunnen Am Steinfeld 3",
        "category": "Trinkbrunnen",
        "subcategory": "Trinkbrunnen",
        "address": "Am Steinfeld 3",
        "plz": "8020",
        "coole_raeume": "no",
        "source": "Stadt Graz OGD - Oeffentliche Brunnen",
        "license": "CC BY 4.0",
        "opening_hours": "24/7 (when operational)"
      }
    },
    {
      "type": "Feature",
      "geometry": {
        "type": "Point",
        "coordinates": [
          15.402857606324757,
          47.0723932690908
        ]
      },
      "properties": {
        "id": "fountain_243",
        "name": "Trinkbrunnen Franz-Steiner-Gasse 20",
        "category": "Trinkbrunnen",
        "subcategory": "Trinkbrunnen",
        "address": "Franz-Steiner-Gasse 20",
        "plz": "8020",
        "coole_raeume": "no",
        "source": "Stadt Graz OGD - Oeffentliche Brunnen",
        "license": "CC BY 4.0",
        "opening_hours": "24/7 (when operational)"
      }
    },
    {
      "type": "Feature",
      "geometry": {
        "type": "Point",
        "coordinates": [
          15.433662221276503,
          47.07096999182719
        ]
      },
      "properties": {
        "id": "fountain_244",
        "name": "Trinkbrunnen Südtiroler Platz 4",
        "category": "Trinkbrunnen",
        "subcategory": "Trinkbrunnen",
        "address": "Südtiroler Platz 4",
        "plz": "8020",
        "coole_raeume": "no",
        "source": "Stadt Graz OGD - Oeffentliche Brunnen",
        "license": "CC BY 4.0",
        "opening_hours": "24/7 (when operational)"
      }
    },
    {
      "type": "Feature",
      "geometry": {
        "type": "Point",
        "coordinates": [
          15.453307572402228,
          47.076390817991935
        ]
      },
      "properties": {
        "id": "fountain_246",
        "name": "Trinkbrunnen Leechgasse 22",
        "category": "Trinkbrunnen",
        "subcategory": "Trinkbrunnen",
        "address": "Leechgasse 22",
        "plz": "8010",
        "coole_raeume": "no",
        "source": "Stadt Graz OGD - Oeffentliche Brunnen",
        "license": "CC BY 4.0",
        "opening_hours": "24/7 (when operational)"
      }
    },
    {
      "type": "Feature",
      "geometry": {
        "type": "Point",
        "coordinates": [
          15.41152319645354,
          47.09332182700055
        ]
      },
      "properties": {
        "id": "fountain_247",
        "name": "Trinkbrunnen Fischeraustraße 1a",
        "category": "Trinkbrunnen",
        "subcategory": "Trinkbrunnen",
        "address": "Fischeraustraße 1a",
        "plz": "8051",
        "coole_raeume": "no",
        "source": "Stadt Graz OGD - Oeffentliche Brunnen",
        "license": "CC BY 4.0",
        "opening_hours": "24/7 (when operational)"
      }
    },
    {
      "type": "Feature",
      "geometry": {
        "type": "Point",
        "coordinates": [
          15.397380303279366,
          47.067947979746066
        ]
      },
      "properties": {
        "id": "fountain_248",
        "name": "Trinkbrunnen Hauseggerstraße 70",
        "category": "Trinkbrunnen",
        "subcategory": "Trinkbrunnen",
        "address": "Hauseggerstraße 70",
        "plz": "8020",
        "coole_raeume": "no",
        "source": "Stadt Graz OGD - Oeffentliche Brunnen",
        "license": "CC BY 4.0",
        "opening_hours": "24/7 (when operational)"
      }
    },
    {
      "type": "Feature",
      "geometry": {
        "type": "Point",
        "coordinates": [
          15.435366626150591,
          47.151553731231516
        ]
      },
      "properties": {
        "id": "fountain_249",
        "name": "Trinkbrunnen Kalkleitenstraße",
        "category": "Trinkbrunnen",
        "subcategory": "Trinkbrunnen",
        "address": "Kalkleitenstraße",
        "plz": "8010",
        "coole_raeume": "no",
        "source": "Stadt Graz OGD - Oeffentliche Brunnen",
        "license": "CC BY 4.0",
        "opening_hours": "24/7 (when operational)"
      }
    },
    {
      "type": "Feature",
      "geometry": {
        "type": "Point",
        "coordinates": [
          15.460257274761071,
          47.03291738000742
        ]
      },
      "properties": {
        "id": "fountain_250",
        "name": "Trinkbrunnen Engelsdorfer Straße 30",
        "category": "Trinkbrunnen",
        "subcategory": "Trinkbrunnen",
        "address": "Engelsdorfer Straße 30",
        "plz": "8010",
        "coole_raeume": "no",
        "source": "Stadt Graz OGD - Oeffentliche Brunnen",
        "license": "CC BY 4.0",
        "opening_hours": "24/7 (when operational)"
      }
    },
    {
      "type": "Feature",
      "geometry": {
        "type": "Point",
        "coordinates": [
          15.4532803,
          47.0665538
        ]
      },
      "properties": {
        "id": "park_4099920",
        "name": "Felix-Dahn-Platz",
        "category": "Park/Gruenraum",
        "subcategory": "park",
        "address": "",
        "plz": "8010",
        "coole_raeume": "no",
        "source": "OpenStreetMap (via Overpass API)",
        "license": "ODbL 1.0",
        "opening_hours": "24/7 (public access)"
      }
    },
    {
      "type": "Feature",
      "geometry": {
        "type": "Point",
        "coordinates": [
          15.4588876,
          47.0765848
        ]
      },
      "properties": {
        "id": "park_4273007",
        "name": "Tegetthoffplatz",
        "category": "Park/Gruenraum",
        "subcategory": "park",
        "address": "",
        "plz": "8010",
        "coole_raeume": "no",
        "source": "OpenStreetMap (via Overpass API)",
        "license": "ODbL 1.0",
        "opening_hours": "24/7 (public access)"
      }
    },
    {
      "type": "Feature",
      "geometry": {
        "type": "Point",
        "coordinates": [
          15.4593506,
          47.0687339
        ]
      },
      "properties": {
        "id": "park_4545930",
        "name": "Schillerplatz",
        "category": "Park/Gruenraum",
        "subcategory": "park",
        "address": "",
        "plz": "8010",
        "coole_raeume": "no",
        "source": "OpenStreetMap (via Overpass API)",
        "license": "ODbL 1.0",
        "opening_hours": "24/7 (public access)"
      }
    },
    {
      "type": "Feature",
      "geometry": {
        "type": "Point",
        "coordinates": [
          15.4436773,
          47.0808432
        ]
      },
      "properties": {
        "id": "park_4882491",
        "name": "Margaretenbad",
        "category": "Park/Gruenraum",
        "subcategory": "water_park",
        "address": "",
        "plz": "8010",
        "coole_raeume": "no",
        "source": "OpenStreetMap (via Overpass API)",
        "license": "ODbL 1.0",
        "opening_hours": "24/7 (public access)"
      }
    },
    {
      "type": "Feature",
      "geometry": {
        "type": "Point",
        "coordinates": [
          15.3936573,
          47.0737432
        ]
      },
      "properties": {
        "id": "park_8068031",
        "name": "Schloss Eggenberg",
        "category": "Park/Gruenraum",
        "subcategory": "park",
        "address": "",
        "plz": "8020",
        "coole_raeume": "no",
        "source": "OpenStreetMap (via Overpass API)",
        "license": "ODbL 1.0",
        "opening_hours": "24/7 (public access)"
      }
    },
    {
      "type": "Feature",
      "geometry": {
        "type": "Point",
        "coordinates": [
          15.4275568,
          47.0639509
        ]
      },
      "properties": {
        "id": "park_23611026",
        "name": "Oeverseepark",
        "category": "Park/Gruenraum",
        "subcategory": "park",
        "address": "",
        "plz": "8020",
        "coole_raeume": "no",
        "source": "OpenStreetMap (via Overpass API)",
        "license": "ODbL 1.0",
        "opening_hours": "24/7 (public access)"
      }
    },
    {
      "type": "Feature",
      "geometry": {
        "type": "Point",
        "coordinates": [
          15.4021943,
          47.0686008
        ]
      },
      "properties": {
        "id": "park_23621642",
        "name": "Gemeindepark Eggenberg",
        "category": "Park/Gruenraum",
        "subcategory": "park",
        "address": "",
        "plz": "8020",
        "coole_raeume": "no",
        "source": "OpenStreetMap (via Overpass API)",
        "license": "ODbL 1.0",
        "opening_hours": "24/7 (public access)"
      }
    },
    {
      "type": "Feature",
      "geometry": {
        "type": "Point",
        "coordinates": [
          15.4574344,
          47.0512253
        ]
      },
      "properties": {
        "id": "park_24328752",
        "name": "Harmsdorfpark",
        "category": "Park/Gruenraum",
        "subcategory": "park",
        "address": "",
        "plz": "8010",
        "coole_raeume": "no",
        "source": "OpenStreetMap (via Overpass API)",
        "license": "ODbL 1.0",
        "opening_hours": "24/7 (public access)"
      }
    },
    {
      "type": "Feature",
      "geometry": {
        "type": "Point",
        "coordinates": [
          15.4052251,
          47.0645256
        ]
      },
      "properties": {
        "id": "park_24418894",
        "name": "Helene-Serfecz-Platz",
        "category": "Park/Gruenraum",
        "subcategory": "park",
        "address": "",
        "plz": "8020",
        "coole_raeume": "no",
        "source": "OpenStreetMap (via Overpass API)",
        "license": "ODbL 1.0",
        "opening_hours": "24/7 (public access)"
      }
    },
    {
      "type": "Feature",
      "geometry": {
        "type": "Point",
        "coordinates": [
          15.3963411,
          47.0575221
        ]
      },
      "properties": {
        "id": "park_24832827",
        "name": "Schererpark",
        "category": "Park/Gruenraum",
        "subcategory": "park",
        "address": "",
        "plz": "8020",
        "coole_raeume": "no",
        "source": "OpenStreetMap (via Overpass API)",
        "license": "ODbL 1.0",
        "opening_hours": "24/7 (public access)"
      }
    },
    {
      "type": "Feature",
      "geometry": {
        "type": "Point",
        "coordinates": [
          15.3957232,
          47.0252982
        ]
      },
      "properties": {
        "id": "park_24878180",
        "name": "Straßganger Bad",
        "category": "Park/Gruenraum",
        "subcategory": "water_park",
        "address": "",
        "plz": "8020",
        "coole_raeume": "no",
        "source": "OpenStreetMap (via Overpass API)",
        "license": "ODbL 1.0",
        "opening_hours": "24/7 (public access)"
      }
    },
    {
      "type": "Feature",
      "geometry": {
        "type": "Point",
        "coordinates": [
          15.4027237,
          47.0726849
        ]
      },
      "properties": {
        "id": "park_25491088",
        "name": "Hofbauerplatz",
        "category": "Park/Gruenraum",
        "subcategory": "park",
        "address": "",
        "plz": "8020",
        "coole_raeume": "no",
        "source": "OpenStreetMap (via Overpass API)",
        "license": "ODbL 1.0",
        "opening_hours": "24/7 (public access)"
      }
    },
    {
      "type": "Feature",
      "geometry": {
        "type": "Point",
        "coordinates": [
          15.4187219,
          47.083467
        ]
      },
      "properties": {
        "id": "park_25651350",
        "name": "Fröbelpark",
        "category": "Park/Gruenraum",
        "subcategory": "park",
        "address": "",
        "plz": "8020",
        "coole_raeume": "no",
        "source": "OpenStreetMap (via Overpass API)",
        "license": "ODbL 1.0",
        "opening_hours": "24/7 (public access)"
      }
    },
    {
      "type": "Feature",
      "geometry": {
        "type": "Point",
        "coordinates": [
          15.4272582,
          47.0732776
        ]
      },
      "properties": {
        "id": "park_25652130",
        "name": "Volksgarten",
        "category": "Park/Gruenraum",
        "subcategory": "park",
        "address": "",
        "plz": "8020",
        "coole_raeume": "no",
        "source": "OpenStreetMap (via Overpass API)",
        "license": "ODbL 1.0",
        "opening_hours": "24/7 (public access)"
      }
    },
    {
      "type": "Feature",
      "geometry": {
        "type": "Point",
        "coordinates": [
          15.3960266,
          47.0800496
        ]
      },
      "properties": {
        "id": "park_25669871",
        "name": "Annaplatz",
        "category": "Park/Gruenraum",
        "subcategory": "park",
        "address": "",
        "plz": "8020",
        "coole_raeume": "no",
        "source": "OpenStreetMap (via Overpass API)",
        "license": "ODbL 1.0",
        "opening_hours": "24/7 (public access)"
      }
    },
    {
      "type": "Feature",
      "geometry": {
        "type": "Point",
        "coordinates": [
          15.435912,
          47.0665606
        ]
      },
      "properties": {
        "id": "park_25720102",
        "name": "Gorbachplatz",
        "category": "Park/Gruenraum",
        "subcategory": "park",
        "address": "",
        "plz": "8010",
        "coole_raeume": "no",
        "source": "OpenStreetMap (via Overpass API)",
        "license": "ODbL 1.0",
        "opening_hours": "24/7 (public access)"
      }
    },
    {
      "type": "Feature",
      "geometry": {
        "type": "Point",
        "coordinates": [
          15.4358245,
          47.0659136
        ]
      },
      "properties": {
        "id": "park_25720107",
        "name": "Josef-Pongratz-Platz",
        "category": "Park/Gruenraum",
        "subcategory": "park",
        "address": "",
        "plz": "8010",
        "coole_raeume": "no",
        "source": "OpenStreetMap (via Overpass API)",
        "license": "ODbL 1.0",
        "opening_hours": "24/7 (public access)"
      }
    },
    {
      "type": "Feature",
      "geometry": {
        "type": "Point",
        "coordinates": [
          15.4438132,
          47.0729493
        ]
      },
      "properties": {
        "id": "park_25867348",
        "name": "Burggarten",
        "category": "Park/Gruenraum",
        "subcategory": "park",
        "address": "",
        "plz": "8010",
        "coole_raeume": "no",
        "source": "OpenStreetMap (via Overpass API)",
        "license": "ODbL 1.0",
        "opening_hours": "24/7 (public access)"
      }
    },
    {
      "type": "Feature",
      "geometry": {
        "type": "Point",
        "coordinates": [
          15.4565639,
          47.0709101
        ]
      },
      "properties": {
        "id": "park_27074650",
        "name": "August-Matthey-Park",
        "category": "Park/Gruenraum",
        "subcategory": "park",
        "address": "",
        "plz": "8010",
        "coole_raeume": "no",
        "source": "OpenStreetMap (via Overpass API)",
        "license": "ODbL 1.0",
        "opening_hours": "24/7 (public access)"
      }
    },
    {
      "type": "Feature",
      "geometry": {
        "type": "Point",
        "coordinates": [
          15.4509289,
          47.0708125
        ]
      },
      "properties": {
        "id": "park_27074654",
        "name": "Lessing-Park",
        "category": "Park/Gruenraum",
        "subcategory": "park",
        "address": "",
        "plz": "8010",
        "coole_raeume": "no",
        "source": "OpenStreetMap (via Overpass API)",
        "license": "ODbL 1.0",
        "opening_hours": "24/7 (public access)"
      }
    },
    {
      "type": "Feature",
      "geometry": {
        "type": "Point",
        "coordinates": [
          15.4218255,
          47.0723919
        ]
      },
      "properties": {
        "id": "park_29713811",
        "name": "Metahofpark",
        "category": "Park/Gruenraum",
        "subcategory": "park",
        "address": "",
        "plz": "8020",
        "coole_raeume": "no",
        "source": "OpenStreetMap (via Overpass API)",
        "license": "ODbL 1.0",
        "opening_hours": "24/7 (public access)"
      }
    },
    {
      "type": "Feature",
      "geometry": {
        "type": "Point",
        "coordinates": [
          15.4313609,
          47.0518277
        ]
      },
      "properties": {
        "id": "park_29715858",
        "name": "Dr.-Schlossar-Park",
        "category": "Park/Gruenraum",
        "subcategory": "park",
        "address": "",
        "plz": "8020",
        "coole_raeume": "no",
        "source": "OpenStreetMap (via Overpass API)",
        "license": "ODbL 1.0",
        "opening_hours": "24/7 (public access)"
      }
    },
    {
      "type": "Feature",
      "geometry": {
        "type": "Point",
        "coordinates": [
          15.4258768,
          47.0488764
        ]
      },
      "properties": {
        "id": "park_29715867",
        "name": "Sankt Johannes - Park",
        "category": "Park/Gruenraum",
        "subcategory": "park",
        "address": "",
        "plz": "8020",
        "coole_raeume": "no",
        "source": "OpenStreetMap (via Overpass API)",
        "license": "ODbL 1.0",
        "opening_hours": "24/7 (public access)"
      }
    },
    {
      "type": "Feature",
      "geometry": {
        "type": "Point",
        "coordinates": [
          15.3995741,
          47.093125
        ]
      },
      "properties": {
        "id": "park_32733875",
        "name": "Dechant-Binder-Anlage",
        "category": "Park/Gruenraum",
        "subcategory": "park",
        "address": "",
        "plz": "8051",
        "coole_raeume": "no",
        "source": "OpenStreetMap (via Overpass API)",
        "license": "ODbL 1.0",
        "opening_hours": "24/7 (public access)"
      }
    },
    {
      "type": "Feature",
      "geometry": {
        "type": "Point",
        "coordinates": [
          15.4180109,
          47.0825918
        ]
      },
      "properties": {
        "id": "park_59102658",
        "name": "Friedenspark",
        "category": "Park/Gruenraum",
        "subcategory": "park",
        "address": "",
        "plz": "8020",
        "coole_raeume": "no",
        "source": "OpenStreetMap (via Overpass API)",
        "license": "ODbL 1.0",
        "opening_hours": "24/7 (public access)"
      }
    },
    {
      "type": "Feature",
      "geometry": {
        "type": "Point",
        "coordinates": [
          15.4531723,
          47.0619118
        ]
      },
      "properties": {
        "id": "park_71961003",
        "name": "Grün- und Sportanlage Dominikanergrund",
        "category": "Park/Gruenraum",
        "subcategory": "park",
        "address": "",
        "plz": "8010",
        "coole_raeume": "no",
        "source": "OpenStreetMap (via Overpass API)",
        "license": "ODbL 1.0",
        "opening_hours": "24/7 (public access)"
      }
    },
    {
      "type": "Feature",
      "geometry": {
        "type": "Point",
        "coordinates": [
          15.428129,
          47.0664377
        ]
      },
      "properties": {
        "id": "park_74662571",
        "name": "Rösselmühlpark",
        "category": "Park/Gruenraum",
        "subcategory": "park",
        "address": "",
        "plz": "8020",
        "coole_raeume": "no",
        "source": "OpenStreetMap (via Overpass API)",
        "license": "ODbL 1.0",
        "opening_hours": "24/7 (public access)"
      }
    },
    {
      "type": "Feature",
      "geometry": {
        "type": "Point",
        "coordinates": [
          15.4075729,
          47.0579936
        ]
      },
      "properties": {
        "id": "park_88143684",
        "name": "Baumhain Reininghaus",
        "category": "Park/Gruenraum",
        "subcategory": "park",
        "address": "",
        "plz": "8020",
        "coole_raeume": "no",
        "source": "OpenStreetMap (via Overpass API)",
        "license": "ODbL 1.0",
        "opening_hours": "24/7 (public access)"
      }
    },
    {
      "type": "Feature",
      "geometry": {
        "type": "Point",
        "coordinates": [
          15.4043596,
          47.0763429
        ]
      },
      "properties": {
        "id": "park_94337860",
        "name": "Bezirkssportplatz St. Vinzenz",
        "category": "Park/Gruenraum",
        "subcategory": "park",
        "address": "",
        "plz": "8020",
        "coole_raeume": "no",
        "source": "OpenStreetMap (via Overpass API)",
        "license": "ODbL 1.0",
        "opening_hours": "24/7 (public access)"
      }
    },
    {
      "type": "Feature",
      "geometry": {
        "type": "Point",
        "coordinates": [
          15.4701626,
          47.0630296
        ]
      },
      "properties": {
        "id": "park_96700820",
        "name": "Maß-Mensch-Park",
        "category": "Park/Gruenraum",
        "subcategory": "park",
        "address": "",
        "plz": "8010",
        "coole_raeume": "no",
        "source": "OpenStreetMap (via Overpass API)",
        "license": "ODbL 1.0",
        "opening_hours": "24/7 (public access)"
      }
    },
    {
      "type": "Feature",
      "geometry": {
        "type": "Point",
        "coordinates": [
          15.4177542,
          47.0930915
        ]
      },
      "properties": {
        "id": "park_108004875",
        "name": "Kalvarienberg",
        "category": "Park/Gruenraum",
        "subcategory": "park",
        "address": "",
        "plz": "8020",
        "coole_raeume": "no",
        "source": "OpenStreetMap (via Overpass API)",
        "license": "ODbL 1.0",
        "opening_hours": "24/7 (public access)"
      }
    },
    {
      "type": "Feature",
      "geometry": {
        "type": "Point",
        "coordinates": [
          15.4295031,
          47.0653091
        ]
      },
      "properties": {
        "id": "park_109127016",
        "name": "Schmetterlingsgarten",
        "category": "Park/Gruenraum",
        "subcategory": "park",
        "address": "",
        "plz": "8020",
        "coole_raeume": "no",
        "source": "OpenStreetMap (via Overpass API)",
        "license": "ODbL 1.0",
        "opening_hours": "24/7 (public access)"
      }
    },
    {
      "type": "Feature",
      "geometry": {
        "type": "Point",
        "coordinates": [
          15.4293126,
          47.0647565
        ]
      },
      "properties": {
        "id": "park_109127018",
        "name": "Garten der Sinne",
        "category": "Park/Gruenraum",
        "subcategory": "park",
        "address": "",
        "plz": "8020",
        "coole_raeume": "no",
        "source": "OpenStreetMap (via Overpass API)",
        "license": "ODbL 1.0",
        "opening_hours": "24/7 (public access)"
      }
    },
    {
      "type": "Feature",
      "geometry": {
        "type": "Point",
        "coordinates": [
          15.4291948,
          47.0643689
        ]
      },
      "properties": {
        "id": "park_109696193",
        "name": "Therapiepark",
        "category": "Park/Gruenraum",
        "subcategory": "park",
        "address": "",
        "plz": "8020",
        "coole_raeume": "no",
        "source": "OpenStreetMap (via Overpass API)",
        "license": "ODbL 1.0",
        "opening_hours": "24/7 (public access)"
      }
    },
    {
      "type": "Feature",
      "geometry": {
        "type": "Point",
        "coordinates": [
          15.4517453,
          47.0743103
        ]
      },
      "properties": {
        "id": "park_113969111",
        "name": "Barbara-Frischmuth-Park",
        "category": "Park/Gruenraum",
        "subcategory": "park",
        "address": "",
        "plz": "8010",
        "coole_raeume": "no",
        "source": "OpenStreetMap (via Overpass API)",
        "license": "ODbL 1.0",
        "opening_hours": "24/7 (public access)"
      }
    },
    {
      "type": "Feature",
      "geometry": {
        "type": "Point",
        "coordinates": [
          15.4342363,
          47.0680389
        ]
      },
      "properties": {
        "id": "park_138784742",
        "name": "Nikolaiplatz",
        "category": "Park/Gruenraum",
        "subcategory": "park",
        "address": "",
        "plz": "8020",
        "coole_raeume": "no",
        "source": "OpenStreetMap (via Overpass API)",
        "license": "ODbL 1.0",
        "opening_hours": "24/7 (public access)"
      }
    },
    {
      "type": "Feature",
      "geometry": {
        "type": "Point",
        "coordinates": [
          15.4198098,
          47.117354
        ]
      },
      "properties": {
        "id": "park_161998099",
        "name": "Rielteich",
        "category": "Park/Gruenraum",
        "subcategory": "nature_reserve",
        "address": "",
        "plz": "8045",
        "coole_raeume": "no",
        "source": "OpenStreetMap (via Overpass API)",
        "license": "ODbL 1.0",
        "opening_hours": "24/7 (public access)"
      }
    },
    {
      "type": "Feature",
      "geometry": {
        "type": "Point",
        "coordinates": [
          15.4320368,
          47.0592475
        ]
      },
      "properties": {
        "id": "park_162588273",
        "name": "Bubble Park",
        "category": "Park/Gruenraum",
        "subcategory": "park",
        "address": "",
        "plz": "8020",
        "coole_raeume": "no",
        "source": "OpenStreetMap (via Overpass API)",
        "license": "ODbL 1.0",
        "opening_hours": "24/7 (public access)"
      }
    },
    {
      "type": "Feature",
      "geometry": {
        "type": "Point",
        "coordinates": [
          15.4399733,
          47.0749468
        ]
      },
      "properties": {
        "id": "park_168243671",
        "name": "Volkskundemuseum Garten",
        "category": "Park/Gruenraum",
        "subcategory": "recreation_ground",
        "address": "",
        "plz": "8010",
        "coole_raeume": "no",
        "source": "OpenStreetMap (via Overpass API)",
        "license": "ODbL 1.0",
        "opening_hours": "24/7 (public access)"
      }
    },
    {
      "type": "Feature",
      "geometry": {
        "type": "Point",
        "coordinates": [
          15.4199061,
          47.1045028
        ]
      },
      "properties": {
        "id": "park_169075318",
        "name": "Andritzer Obst- und Naschgarten",
        "category": "Park/Gruenraum",
        "subcategory": "park",
        "address": "",
        "plz": "8045",
        "coole_raeume": "no",
        "source": "OpenStreetMap (via Overpass API)",
        "license": "ODbL 1.0",
        "opening_hours": "24/7 (public access)"
      }
    },
    {
      "type": "Feature",
      "geometry": {
        "type": "Point",
        "coordinates": [
          15.3951179,
          47.025941
        ]
      },
      "properties": {
        "id": "park_176704761",
        "name": "FKK Bad Straßgang",
        "category": "Park/Gruenraum",
        "subcategory": "recreation_ground",
        "address": "",
        "plz": "8020",
        "coole_raeume": "no",
        "source": "OpenStreetMap (via Overpass API)",
        "license": "ODbL 1.0",
        "opening_hours": "24/7 (public access)"
      }
    },
    {
      "type": "Feature",
      "geometry": {
        "type": "Point",
        "coordinates": [
          15.4201456,
          47.0988263
        ]
      },
      "properties": {
        "id": "park_184758456",
        "name": "Dagmar-Grage-Park",
        "category": "Park/Gruenraum",
        "subcategory": "park",
        "address": "",
        "plz": "8045",
        "coole_raeume": "no",
        "source": "OpenStreetMap (via Overpass API)",
        "license": "ODbL 1.0",
        "opening_hours": "24/7 (public access)"
      }
    },
    {
      "type": "Feature",
      "geometry": {
        "type": "Point",
        "coordinates": [
          15.451084,
          47.0635681
        ]
      },
      "properties": {
        "id": "park_188079083",
        "name": "Steyrergasse-Park",
        "category": "Park/Gruenraum",
        "subcategory": "park",
        "address": "",
        "plz": "8010",
        "coole_raeume": "no",
        "source": "OpenStreetMap (via Overpass API)",
        "license": "ODbL 1.0",
        "opening_hours": "24/7 (public access)"
      }
    },
    {
      "type": "Feature",
      "geometry": {
        "type": "Point",
        "coordinates": [
          15.4495134,
          47.0729172
        ]
      },
      "properties": {
        "id": "park_203914103",
        "name": "Meranpark",
        "category": "Park/Gruenraum",
        "subcategory": "park",
        "address": "",
        "plz": "8010",
        "coole_raeume": "no",
        "source": "OpenStreetMap (via Overpass API)",
        "license": "ODbL 1.0",
        "opening_hours": "24/7 (public access)"
      }
    },
    {
      "type": "Feature",
      "geometry": {
        "type": "Point",
        "coordinates": [
          15.4297965,
          47.0487423
        ]
      },
      "properties": {
        "id": "park_241085353",
        "name": "Dornschneiderwiese",
        "category": "Park/Gruenraum",
        "subcategory": "recreation_ground",
        "address": "",
        "plz": "8020",
        "coole_raeume": "no",
        "source": "OpenStreetMap (via Overpass API)",
        "license": "ODbL 1.0",
        "opening_hours": "24/7 (public access)"
      }
    },
    {
      "type": "Feature",
      "geometry": {
        "type": "Point",
        "coordinates": [
          15.3945671,
          47.1005373
        ]
      },
      "properties": {
        "id": "park_244607182",
        "name": "Löseranlage",
        "category": "Park/Gruenraum",
        "subcategory": "park",
        "address": "",
        "plz": "8051",
        "coole_raeume": "no",
        "source": "OpenStreetMap (via Overpass API)",
        "license": "ODbL 1.0",
        "opening_hours": "24/7 (public access)"
      }
    },
    {
      "type": "Feature",
      "geometry": {
        "type": "Point",
        "coordinates": [
          15.4632846,
          47.0303281
        ]
      },
      "properties": {
        "id": "park_315921324",
        "name": "Liebenauer Park",
        "category": "Park/Gruenraum",
        "subcategory": "park",
        "address": "",
        "plz": "8010",
        "coole_raeume": "no",
        "source": "OpenStreetMap (via Overpass API)",
        "license": "ODbL 1.0",
        "opening_hours": "24/7 (public access)"
      }
    },
    {
      "type": "Feature",
      "geometry": {
        "type": "Point",
        "coordinates": [
          15.448292,
          47.0800586
        ]
      },
      "properties": {
        "id": "park_332634767",
        "name": "neuer Attemsgarten",
        "category": "Park/Gruenraum",
        "subcategory": "park",
        "address": "",
        "plz": "8010",
        "coole_raeume": "no",
        "source": "OpenStreetMap (via Overpass API)",
        "license": "ODbL 1.0",
        "opening_hours": "24/7 (public access)"
      }
    },
    {
      "type": "Feature",
      "geometry": {
        "type": "Point",
        "coordinates": [
          15.4109735,
          47.0812426
        ]
      },
      "properties": {
        "id": "park_352749431",
        "name": "Nikolaus-Harnoncourt-Park Ost",
        "category": "Park/Gruenraum",
        "subcategory": "park",
        "address": "",
        "plz": "8020",
        "coole_raeume": "no",
        "source": "OpenStreetMap (via Overpass API)",
        "license": "ODbL 1.0",
        "opening_hours": "24/7 (public access)"
      }
    },
    {
      "type": "Feature",
      "geometry": {
        "type": "Point",
        "coordinates": [
          15.4168046,
          47.0426041
        ]
      },
      "properties": {
        "id": "park_505627652",
        "name": "Dorfplatz",
        "category": "Park/Gruenraum",
        "subcategory": "village_green",
        "address": "",
        "plz": "8020",
        "coole_raeume": "no",
        "source": "OpenStreetMap (via Overpass API)",
        "license": "ODbL 1.0",
        "opening_hours": "24/7 (public access)"
      }
    },
    {
      "type": "Feature",
      "geometry": {
        "type": "Point",
        "coordinates": [
          15.4315281,
          47.0763216
        ]
      },
      "properties": {
        "id": "park_552451775",
        "name": "Kepler Garten",
        "category": "Park/Gruenraum",
        "subcategory": "park",
        "address": "",
        "plz": "8020",
        "coole_raeume": "no",
        "source": "OpenStreetMap (via Overpass API)",
        "license": "ODbL 1.0",
        "opening_hours": "24/7 (public access)"
      }
    },
    {
      "type": "Feature",
      "geometry": {
        "type": "Point",
        "coordinates": [
          15.4248299,
          47.0835577
        ]
      },
      "properties": {
        "id": "park_561060923",
        "name": "Floßlendplatz",
        "category": "Park/Gruenraum",
        "subcategory": "park",
        "address": "",
        "plz": "8020",
        "coole_raeume": "no",
        "source": "OpenStreetMap (via Overpass API)",
        "license": "ODbL 1.0",
        "opening_hours": "24/7 (public access)"
      }
    },
    {
      "type": "Feature",
      "geometry": {
        "type": "Point",
        "coordinates": [
          15.4400819,
          47.0823618
        ]
      },
      "properties": {
        "id": "park_572846068",
        "name": "Kreuzschwestern-Park",
        "category": "Park/Gruenraum",
        "subcategory": "park",
        "address": "",
        "plz": "8010",
        "coole_raeume": "no",
        "source": "OpenStreetMap (via Overpass API)",
        "license": "ODbL 1.0",
        "opening_hours": "24/7 (public access)"
      }
    },
    {
      "type": "Feature",
      "geometry": {
        "type": "Point",
        "coordinates": [
          15.446599,
          47.0757081
        ]
      },
      "properties": {
        "id": "park_573479429",
        "name": "Leechpark",
        "category": "Park/Gruenraum",
        "subcategory": "park",
        "address": "",
        "plz": "8010",
        "coole_raeume": "no",
        "source": "OpenStreetMap (via Overpass API)",
        "license": "ODbL 1.0",
        "opening_hours": "24/7 (public access)"
      }
    },
    {
      "type": "Feature",
      "geometry": {
        "type": "Point",
        "coordinates": [
          15.4308199,
          47.0847011
        ]
      },
      "properties": {
        "id": "park_573494592",
        "name": "Geidorf Senior:innenzentrum Park",
        "category": "Park/Gruenraum",
        "subcategory": "park",
        "address": "",
        "plz": "8010",
        "coole_raeume": "no",
        "source": "OpenStreetMap (via Overpass API)",
        "license": "ODbL 1.0",
        "opening_hours": "24/7 (public access)"
      }
    },
    {
      "type": "Feature",
      "geometry": {
        "type": "Point",
        "coordinates": [
          15.4603601,
          47.0787866
        ]
      },
      "properties": {
        "id": "park_678023946",
        "name": "Am Naturdenkmal Platane",
        "category": "Park/Gruenraum",
        "subcategory": "park",
        "address": "",
        "plz": "8010",
        "coole_raeume": "no",
        "source": "OpenStreetMap (via Overpass API)",
        "license": "ODbL 1.0",
        "opening_hours": "24/7 (public access)"
      }
    },
    {
      "type": "Feature",
      "geometry": {
        "type": "Point",
        "coordinates": [
          15.477199,
          47.0608076
        ]
      },
      "properties": {
        "id": "park_689441390",
        "name": "Eustacchiopark",
        "category": "Park/Gruenraum",
        "subcategory": "park",
        "address": "",
        "plz": "8010",
        "coole_raeume": "no",
        "source": "OpenStreetMap (via Overpass API)",
        "license": "ODbL 1.0",
        "opening_hours": "24/7 (public access)"
      }
    },
    {
      "type": "Feature",
      "geometry": {
        "type": "Point",
        "coordinates": [
          15.4428264,
          47.0740814
        ]
      },
      "properties": {
        "id": "park_703187651",
        "name": "Ehemaliger Verkehrserziehungs-Park",
        "category": "Park/Gruenraum",
        "subcategory": "recreation_ground",
        "address": "",
        "plz": "8010",
        "coole_raeume": "no",
        "source": "OpenStreetMap (via Overpass API)",
        "license": "ODbL 1.0",
        "opening_hours": "24/7 (public access)"
      }
    },
    {
      "type": "Feature",
      "geometry": {
        "type": "Point",
        "coordinates": [
          15.4438725,
          47.073775
        ]
      },
      "properties": {
        "id": "park_703188990",
        "name": "Stadtpark",
        "category": "Park/Gruenraum",
        "subcategory": "park",
        "address": "",
        "plz": "8010",
        "coole_raeume": "no",
        "source": "OpenStreetMap (via Overpass API)",
        "license": "ODbL 1.0",
        "opening_hours": "24/7 (public access)"
      }
    },
    {
      "type": "Feature",
      "geometry": {
        "type": "Point",
        "coordinates": [
          15.4365835,
          47.0823216
        ]
      },
      "properties": {
        "id": "park_703836082",
        "name": "Park Augustinum",
        "category": "Park/Gruenraum",
        "subcategory": "park",
        "address": "",
        "plz": "8010",
        "coole_raeume": "no",
        "source": "OpenStreetMap (via Overpass API)",
        "license": "ODbL 1.0",
        "opening_hours": "24/7 (public access)"
      }
    },
    {
      "type": "Feature",
      "geometry": {
        "type": "Point",
        "coordinates": [
          15.4439634,
          47.0559036
        ]
      },
      "properties": {
        "id": "park_710495165",
        "name": "Ökopark Fekonja",
        "category": "Park/Gruenraum",
        "subcategory": "park",
        "address": "",
        "plz": "8010",
        "coole_raeume": "no",
        "source": "OpenStreetMap (via Overpass API)",
        "license": "ODbL 1.0",
        "opening_hours": "24/7 (public access)"
      }
    },
    {
      "type": "Feature",
      "geometry": {
        "type": "Point",
        "coordinates": [
          15.4425386,
          47.0757265
        ]
      },
      "properties": {
        "id": "park_713948038",
        "name": "Platz der Versöhnung",
        "category": "Park/Gruenraum",
        "subcategory": "recreation_ground",
        "address": "",
        "plz": "8010",
        "coole_raeume": "no",
        "source": "OpenStreetMap (via Overpass API)",
        "license": "ODbL 1.0",
        "opening_hours": "24/7 (public access)"
      }
    },
    {
      "type": "Feature",
      "geometry": {
        "type": "Point",
        "coordinates": [
          15.4057904,
          47.112396
        ]
      },
      "properties": {
        "id": "park_718489703",
        "name": "Schlosspark",
        "category": "Park/Gruenraum",
        "subcategory": "park",
        "address": "",
        "plz": "8045",
        "coole_raeume": "no",
        "source": "OpenStreetMap (via Overpass API)",
        "license": "ODbL 1.0",
        "opening_hours": "24/7 (public access)"
      }
    },
    {
      "type": "Feature",
      "geometry": {
        "type": "Point",
        "coordinates": [
          15.407966,
          47.0767536
        ]
      },
      "properties": {
        "id": "park_733709124",
        "name": "Anna-Cadia-Park",
        "category": "Park/Gruenraum",
        "subcategory": "park",
        "address": "",
        "plz": "8020",
        "coole_raeume": "no",
        "source": "OpenStreetMap (via Overpass API)",
        "license": "ODbL 1.0",
        "opening_hours": "24/7 (public access)"
      }
    },
    {
      "type": "Feature",
      "geometry": {
        "type": "Point",
        "coordinates": [
          15.4095016,
          47.0621364
        ]
      },
      "properties": {
        "id": "park_746350657",
        "name": "Reininghauspark",
        "category": "Park/Gruenraum",
        "subcategory": "park",
        "address": "",
        "plz": "8020",
        "coole_raeume": "no",
        "source": "OpenStreetMap (via Overpass API)",
        "license": "ODbL 1.0",
        "opening_hours": "24/7 (public access)"
      }
    },
    {
      "type": "Feature",
      "geometry": {
        "type": "Point",
        "coordinates": [
          15.4439747,
          47.0457906
        ]
      },
      "properties": {
        "id": "park_751980067",
        "name": "Maria-Cäsar-Park",
        "category": "Park/Gruenraum",
        "subcategory": "park",
        "address": "",
        "plz": "8010",
        "coole_raeume": "no",
        "source": "OpenStreetMap (via Overpass API)",
        "license": "ODbL 1.0",
        "opening_hours": "24/7 (public access)"
      }
    },
    {
      "type": "Feature",
      "geometry": {
        "type": "Point",
        "coordinates": [
          15.4563676,
          47.0382149
        ]
      },
      "properties": {
        "id": "park_813042328",
        "name": "Hedwig-Ehmann-Park",
        "category": "Park/Gruenraum",
        "subcategory": "park",
        "address": "",
        "plz": "8010",
        "coole_raeume": "no",
        "source": "OpenStreetMap (via Overpass API)",
        "license": "ODbL 1.0",
        "opening_hours": "24/7 (public access)"
      }
    },
    {
      "type": "Feature",
      "geometry": {
        "type": "Point",
        "coordinates": [
          15.4268634,
          47.1100874
        ]
      },
      "properties": {
        "id": "park_902361884",
        "name": "Auenpark",
        "category": "Park/Gruenraum",
        "subcategory": "park",
        "address": "",
        "plz": "8045",
        "coole_raeume": "no",
        "source": "OpenStreetMap (via Overpass API)",
        "license": "ODbL 1.0",
        "opening_hours": "24/7 (public access)"
      }
    },
    {
      "type": "Feature",
      "geometry": {
        "type": "Point",
        "coordinates": [
          15.4161341,
          47.0397888
        ]
      },
      "properties": {
        "id": "park_933223166",
        "name": "Wagner-Jauregg-Platz",
        "category": "Park/Gruenraum",
        "subcategory": "park",
        "address": "",
        "plz": "8020",
        "coole_raeume": "no",
        "source": "OpenStreetMap (via Overpass API)",
        "license": "ODbL 1.0",
        "opening_hours": "24/7 (public access)"
      }
    },
    {
      "type": "Feature",
      "geometry": {
        "type": "Point",
        "coordinates": [
          15.4454526,
          47.0389095
        ]
      },
      "properties": {
        "id": "park_966308271",
        "name": "Olympiawiese",
        "category": "Park/Gruenraum",
        "subcategory": "park",
        "address": "",
        "plz": "8010",
        "coole_raeume": "no",
        "source": "OpenStreetMap (via Overpass API)",
        "license": "ODbL 1.0",
        "opening_hours": "24/7 (public access)"
      }
    },
    {
      "type": "Feature",
      "geometry": {
        "type": "Point",
        "coordinates": [
          15.4597919,
          47.0657216
        ]
      },
      "properties": {
        "id": "park_987677214",
        "name": "Schörgelpark",
        "category": "Park/Gruenraum",
        "subcategory": "park",
        "address": "",
        "plz": "8010",
        "coole_raeume": "no",
        "source": "OpenStreetMap (via Overpass API)",
        "license": "ODbL 1.0",
        "opening_hours": "24/7 (public access)"
      }
    },
    {
      "type": "Feature",
      "geometry": {
        "type": "Point",
        "coordinates": [
          15.4857781,
          47.0768102
        ]
      },
      "properties": {
        "id": "park_1033200517",
        "name": "FKK",
        "category": "Park/Gruenraum",
        "subcategory": "recreation_ground",
        "address": "",
        "plz": "8010",
        "coole_raeume": "no",
        "source": "OpenStreetMap (via Overpass API)",
        "license": "ODbL 1.0",
        "opening_hours": "24/7 (public access)"
      }
    },
    {
      "type": "Feature",
      "geometry": {
        "type": "Point",
        "coordinates": [
          15.398762,
          47.047544
        ]
      },
      "properties": {
        "id": "park_1065893591",
        "name": "Sieben-Hügel-Park",
        "category": "Park/Gruenraum",
        "subcategory": "park",
        "address": "",
        "plz": "8020",
        "coole_raeume": "no",
        "source": "OpenStreetMap (via Overpass API)",
        "license": "ODbL 1.0",
        "opening_hours": "24/7 (public access)"
      }
    },
    {
      "type": "Feature",
      "geometry": {
        "type": "Point",
        "coordinates": [
          15.4038073,
          47.0548104
        ]
      },
      "properties": {
        "id": "park_1086712431",
        "name": "Peter-Rosegger-Park",
        "category": "Park/Gruenraum",
        "subcategory": "park",
        "address": "",
        "plz": "8020",
        "coole_raeume": "no",
        "source": "OpenStreetMap (via Overpass API)",
        "license": "ODbL 1.0",
        "opening_hours": "24/7 (public access)"
      }
    },
    {
      "type": "Feature",
      "geometry": {
        "type": "Point",
        "coordinates": [
          15.4039973,
          47.0245214
        ]
      },
      "properties": {
        "id": "park_1117115945",
        "name": "Martha-Stadler-Park",
        "category": "Park/Gruenraum",
        "subcategory": "park",
        "address": "",
        "plz": "8020",
        "coole_raeume": "no",
        "source": "OpenStreetMap (via Overpass API)",
        "license": "ODbL 1.0",
        "opening_hours": "24/7 (public access)"
      }
    },
    {
      "type": "Feature",
      "geometry": {
        "type": "Point",
        "coordinates": [
          15.4301289,
          47.0517675
        ]
      },
      "properties": {
        "id": "park_1119392408",
        "name": "Dr.-Hans-Spitzy-Platzl",
        "category": "Park/Gruenraum",
        "subcategory": "park",
        "address": "",
        "plz": "8020",
        "coole_raeume": "no",
        "source": "OpenStreetMap (via Overpass API)",
        "license": "ODbL 1.0",
        "opening_hours": "24/7 (public access)"
      }
    },
    {
      "type": "Feature",
      "geometry": {
        "type": "Point",
        "coordinates": [
          15.4089017,
          47.0749853
        ]
      },
      "properties": {
        "id": "park_1156961557",
        "name": "Gertie-Pakesch-Kaan-Park",
        "category": "Park/Gruenraum",
        "subcategory": "park",
        "address": "",
        "plz": "8020",
        "coole_raeume": "no",
        "source": "OpenStreetMap (via Overpass API)",
        "license": "ODbL 1.0",
        "opening_hours": "24/7 (public access)"
      }
    },
    {
      "type": "Feature",
      "geometry": {
        "type": "Point",
        "coordinates": [
          15.4500327,
          47.0686057
        ]
      },
      "properties": {
        "id": "park_1187612534",
        "name": "Technikerpark",
        "category": "Park/Gruenraum",
        "subcategory": "park",
        "address": "",
        "plz": "8010",
        "coole_raeume": "no",
        "source": "OpenStreetMap (via Overpass API)",
        "license": "ODbL 1.0",
        "opening_hours": "24/7 (public access)"
      }
    },
    {
      "type": "Feature",
      "geometry": {
        "type": "Point",
        "coordinates": [
          15.4647639,
          47.105101
        ]
      },
      "properties": {
        "id": "park_1188331419",
        "name": "Naturschutzgebiet Am Josefbach - Bullmanngrund",
        "category": "Park/Gruenraum",
        "subcategory": "nature_reserve",
        "address": "",
        "plz": "8010",
        "coole_raeume": "no",
        "source": "OpenStreetMap (via Overpass API)",
        "license": "ODbL 1.0",
        "opening_hours": "24/7 (public access)"
      }
    },
    {
      "type": "Feature",
      "geometry": {
        "type": "Point",
        "coordinates": [
          15.433807,
          47.1171358
        ]
      },
      "properties": {
        "id": "park_1193135582",
        "name": "Ausgleichsfläche Puchleitnerweg",
        "category": "Park/Gruenraum",
        "subcategory": "recreation_ground",
        "address": "",
        "plz": "8045",
        "coole_raeume": "no",
        "source": "OpenStreetMap (via Overpass API)",
        "license": "ODbL 1.0",
        "opening_hours": "24/7 (public access)"
      }
    },
    {
      "type": "Feature",
      "geometry": {
        "type": "Point",
        "coordinates": [
          15.4137495,
          47.0732632
        ]
      },
      "properties": {
        "id": "park_1204487802",
        "name": "Wasserturmpark",
        "category": "Park/Gruenraum",
        "subcategory": "park",
        "address": "",
        "plz": "8020",
        "coole_raeume": "no",
        "source": "OpenStreetMap (via Overpass API)",
        "license": "ODbL 1.0",
        "opening_hours": "24/7 (public access)"
      }
    },
    {
      "type": "Feature",
      "geometry": {
        "type": "Point",
        "coordinates": [
          15.451073,
          47.0470292
        ]
      },
      "properties": {
        "id": "park_1206740870",
        "name": "Anton-Lippe-Platz",
        "category": "Park/Gruenraum",
        "subcategory": "park",
        "address": "",
        "plz": "8010",
        "coole_raeume": "no",
        "source": "OpenStreetMap (via Overpass API)",
        "license": "ODbL 1.0",
        "opening_hours": "24/7 (public access)"
      }
    },
    {
      "type": "Feature",
      "geometry": {
        "type": "Point",
        "coordinates": [
          15.4431194,
          47.0517062
        ]
      },
      "properties": {
        "id": "park_1305971350",
        "name": "Ivanka-Gruber-Park",
        "category": "Park/Gruenraum",
        "subcategory": "park",
        "address": "",
        "plz": "8010",
        "coole_raeume": "no",
        "source": "OpenStreetMap (via Overpass API)",
        "license": "ODbL 1.0",
        "opening_hours": "24/7 (public access)"
      }
    },
    {
      "type": "Feature",
      "geometry": {
        "type": "Point",
        "coordinates": [
          15.4274762,
          47.0261879
        ]
      },
      "properties": {
        "id": "park_1411909420",
        "name": "Annemarie-Zdarsky-Park",
        "category": "Park/Gruenraum",
        "subcategory": "park",
        "address": "",
        "plz": "8020",
        "coole_raeume": "no",
        "source": "OpenStreetMap (via Overpass API)",
        "license": "ODbL 1.0",
        "opening_hours": "24/7 (public access)"
      }
    },
    {
      "type": "Feature",
      "geometry": {
        "type": "Point",
        "coordinates": [
          15.4539287,
          47.0540209
        ]
      },
      "properties": {
        "id": "park_1420169947",
        "name": "Hasenheide",
        "category": "Park/Gruenraum",
        "subcategory": "park",
        "address": "",
        "plz": "8010",
        "coole_raeume": "no",
        "source": "OpenStreetMap (via Overpass API)",
        "license": "ODbL 1.0",
        "opening_hours": "24/7 (public access)"
      }
    },
    {
      "type": "Feature",
      "geometry": {
        "type": "Point",
        "coordinates": [
          15.4151187,
          47.0828769
        ]
      },
      "properties": {
        "id": "park_1442600511",
        "name": "Lore-Krainer-Park",
        "category": "Park/Gruenraum",
        "subcategory": "park",
        "address": "",
        "plz": "8020",
        "coole_raeume": "no",
        "source": "OpenStreetMap (via Overpass API)",
        "license": "ODbL 1.0",
        "opening_hours": "24/7 (public access)"
      }
    },
    {
      "type": "Feature",
      "geometry": {
        "type": "Point",
        "coordinates": [
          15.4422105,
          47.0792824
        ]
      },
      "properties": {
        "id": "park_1501767307",
        "name": "Wormspitz",
        "category": "Park/Gruenraum",
        "subcategory": "park",
        "address": "",
        "plz": "8010",
        "coole_raeume": "no",
        "source": "OpenStreetMap (via Overpass API)",
        "license": "ODbL 1.0",
        "opening_hours": "24/7 (public access)"
      }
    },
    {
      "type": "Feature",
      "geometry": {
        "type": "Point",
        "coordinates": [
          15.405398514268597,
          47.09395649668783
        ]
      },
      "properties": {
        "id": "library_15",
        "name": "Stadtbibliothek Gösting",
        "category": "Bibliothek",
        "subcategory": "Bibliothek",
        "address": "Wiener Straße 255",
        "plz": "8051",
        "coole_raeume": "no",
        "source": "Stadt Graz OGD - Bibliotheken",
        "license": "CC BY 4.0",
        "opening_hours": "Mon-Fri: 10:00-18:00, Sat: 10:00-13:00"
      }
    },
    {
      "type": "Feature",
      "geometry": {
        "type": "Point",
        "coordinates": [
          15.431032211364379,
          47.06987517255398
        ]
      },
      "properties": {
        "id": "library_16",
        "name": "Mediathek",
        "category": "Bibliothek",
        "subcategory": "Bibliothek",
        "address": "Vorbeckgasse 12",
        "plz": "8020",
        "coole_raeume": "no",
        "source": "Stadt Graz OGD - Bibliotheken",
        "license": "CC BY 4.0",
        "opening_hours": "Mon-Fri: 10:00-18:00, Sat: 10:00-13:00"
      }
    },
    {
      "type": "Feature",
      "geometry": {
        "type": "Point",
        "coordinates": [
          15.458682199297526,
          47.069416551366686
        ]
      },
      "properties": {
        "id": "library_17",
        "name": "Stadtbibliothek Ost-Schillerstraße",
        "category": "Bibliothek",
        "subcategory": "Bibliothek",
        "address": "Schillerstraße 53",
        "plz": "8010",
        "coole_raeume": "no",
        "source": "Stadt Graz OGD - Bibliotheken",
        "license": "CC BY 4.0",
        "opening_hours": "Mon-Fri: 10:00-18:00, Sat: 10:00-13:00"
      }
    },
    {
      "type": "Feature",
      "geometry": {
        "type": "Point",
        "coordinates": [
          15.431464828878543,
          47.06983239490147
        ]
      },
      "properties": {
        "id": "library_18",
        "name": "Stadtbibliothek Zanklhof, Hauptbibliothek",
        "category": "Bibliothek",
        "subcategory": "Bibliothek",
        "address": "Maria-Stromberger-Gasse 2",
        "plz": "8020",
        "coole_raeume": "yes",
        "source": "Stadt Graz OGD - Bibliotheken",
        "license": "CC BY 4.0",
        "opening_hours": "Mon-Fri: 10:00-18:00, Sat: 10:00-13:00"
      }
    },
    {
      "type": "Feature",
      "geometry": {
        "type": "Point",
        "coordinates": [
          15.407131218796927,
          47.069794962341064
        ]
      },
      "properties": {
        "id": "library_19",
        "name": "Stadtbibliothek West-Eggenberg",
        "category": "Bibliothek",
        "subcategory": "Bibliothek",
        "address": "Eggenberger Allee 13a",
        "plz": "8020",
        "coole_raeume": "yes",
        "source": "Stadt Graz OGD - Bibliotheken",
        "license": "CC BY 4.0",
        "opening_hours": "Mon-Fri: 10:00-18:00, Sat: 10:00-13:00"
      }
    },
    {
      "type": "Feature",
      "geometry": {
        "type": "Point",
        "coordinates": [
          15.431971699313998,
          47.08356330359162
        ]
      },
      "properties": {
        "id": "library_20",
        "name": "Stadtbibliothek Nord-Geidorf",
        "category": "Bibliothek",
        "subcategory": "Bibliothek",
        "address": "Theodor-Körner-Straße 59",
        "plz": "8010",
        "coole_raeume": "yes",
        "source": "Stadt Graz OGD - Bibliotheken",
        "license": "CC BY 4.0",
        "opening_hours": "Mon-Fri: 10:00-18:00, Sat: 10:00-13:00"
      }
    },
    {
      "type": "Feature",
      "geometry": {
        "type": "Point",
        "coordinates": [
          15.421288149612476,
          47.10260203672344
        ]
      },
      "properties": {
        "id": "library_21",
        "name": "Stadtbibliothek Andritz",
        "category": "Bibliothek",
        "subcategory": "Bibliothek",
        "address": "Grazer Straße 54",
        "plz": "8045",
        "coole_raeume": "no",
        "source": "Stadt Graz OGD - Bibliotheken",
        "license": "CC BY 4.0",
        "opening_hours": "Mon-Fri: 10:00-18:00, Sat: 10:00-13:00"
      }
    },
    {
      "type": "Feature",
      "geometry": {
        "type": "Point",
        "coordinates": [
          15.432552622154512,
          47.04574246850118
        ]
      },
      "properties": {
        "id": "library_22",
        "name": "Stadtbibliothek Süd-Lauzilgasse",
        "category": "Bibliothek",
        "subcategory": "Bibliothek",
        "address": "Lauzilgasse 21",
        "plz": "8020",
        "coole_raeume": "no",
        "source": "Stadt Graz OGD - Bibliotheken",
        "license": "CC BY 4.0",
        "opening_hours": "Mon-Fri: 10:00-18:00, Sat: 10:00-13:00"
      }
    },
    {
      "type": "Feature",
      "geometry": {
        "type": "Point",
        "coordinates": [
          15.452109901889315,
          47.06159928895854
        ]
      },
      "properties": {
        "id": "church_1646",
        "name": "Münzgraben-Kirche",
        "category": "Kirche",
        "subcategory": "Kirche",
        "address": "Münzgrabenstraße 61/Kirche",
        "plz": "8010",
        "coole_raeume": "yes",
        "source": "Stadt Graz OGD - Kirchen und anerkannte Religionsgemeinschaften",
        "license": "CC BY 4.0",
        "opening_hours": "Service: Sun/Holiday 10:00, 18:30; Tue/Thu 18:30; Daily rosary 17:45"
      }
    },
    {
      "type": "Feature",
      "geometry": {
        "type": "Point",
        "coordinates": [
          15.433229134619033,
          47.07273532774005
        ]
      },
      "properties": {
        "id": "church_1651",
        "name": "Röm.-kath. Pfarre Mariahilf",
        "category": "Kirche",
        "subcategory": "Kirche",
        "address": "Mariahilferplatz 3",
        "plz": "8020",
        "coole_raeume": "yes",
        "source": "Stadt Graz OGD - Kirchen und anerkannte Religionsgemeinschaften",
        "license": "CC BY 4.0",
        "opening_hours": "Service: Sun 08:00-11:00, 18:30; Mon-Sat 08:00, 10:00, 18:30"
      }
    },
    {
      "type": "Feature",
      "geometry": {
        "type": "Point",
        "coordinates": [
          15.429718823776224,
          47.069756488875335
        ]
      },
      "properties": {
        "id": "church_1663",
        "name": "Röm.-kath. Pfarre St.Andrä",
        "category": "Kirche",
        "subcategory": "Kirche",
        "address": "Maria-Stromberger-Gasse 9",
        "plz": "8020",
        "coole_raeume": "yes",
        "source": "Stadt Graz OGD - Kirchen und anerkannte Religionsgemeinschaften",
        "license": "CC BY 4.0",
        "opening_hours": "Daily masses (see graz-seckau.at for schedule)"
      }
    },
    {
      "type": "Feature",
      "geometry": {
        "type": "Point",
        "coordinates": [
          15.44102440015797,
          47.05881082485882
        ]
      },
      "properties": {
        "id": "church_1664",
        "name": "Röm.-kath. Pfarre St.Josef",
        "category": "Kirche",
        "subcategory": "Kirche",
        "address": "Schönaugürtel 41",
        "plz": "8010",
        "coole_raeume": "yes",
        "source": "Stadt Graz OGD - Kirchen und anerkannte Religionsgemeinschaften",
        "license": "CC BY 4.0",
        "opening_hours": "Daily masses (see graz-seckau.at for schedule)"
      }
    },
    {
      "type": "Feature",
      "geometry": {
        "type": "Point",
        "coordinates": [
          15.441266295580052,
          47.06916151622569
        ]
      },
      "properties": {
        "id": "church_1682",
        "name": "Röm.-kath. Stadtpfarre zum Hl.Blut",
        "category": "Kirche",
        "subcategory": "Kirche",
        "address": "Herrengasse 23",
        "plz": "8010",
        "coole_raeume": "yes",
        "source": "Stadt Graz OGD - Kirchen und anerkannte Religionsgemeinschaften",
        "license": "CC BY 4.0",
        "opening_hours": "Daily masses (see graz-seckau.at for schedule)"
      }
    },
    {
      "type": "Feature",
      "geometry": {
        "type": "Point",
        "coordinates": [
          15.442199164093164,
          47.0714384149794
        ]
      },
      "properties": {
        "id": "church_1704",
        "name": "Röm.-kath. Dompfarre St. Ägidius",
        "category": "Kirche",
        "subcategory": "Kirche",
        "address": "Bürgergasse 1",
        "plz": "8010",
        "coole_raeume": "yes",
        "source": "Stadt Graz OGD - Kirchen und anerkannte Religionsgemeinschaften",
        "license": "CC BY 4.0",
        "opening_hours": "Daily masses (see graz-seckau.at for schedule)"
      }
    },
    {
      "type": "Feature",
      "geometry": {
        "type": "Point",
        "coordinates": [
          15.436988771242811,
          47.07044576551623
        ]
      },
      "properties": {
        "id": "church_1706",
        "name": "Röm.-kath. Franziskanerkirche",
        "category": "Kirche",
        "subcategory": "Kirche",
        "address": "Franziskanerplatz 14",
        "plz": "8010",
        "coole_raeume": "yes",
        "source": "Stadt Graz OGD - Kirchen und anerkannte Religionsgemeinschaften",
        "license": "CC BY 4.0",
        "opening_hours": "Daily masses (see graz-seckau.at for schedule)"
      }
    },
    {
      "type": "Feature",
      "geometry": {
        "type": "Point",
        "coordinates": [
          15.432040900662487,
          47.07128792578717
        ]
      },
      "properties": {
        "id": "church_1732",
        "name": "Barmherzigenkirche",
        "category": "Kirche",
        "subcategory": "Kirche",
        "address": "Annenstraße 4",
        "plz": "8020",
        "coole_raeume": "yes",
        "source": "Stadt Graz OGD - Kirchen und anerkannte Religionsgemeinschaften",
        "license": "CC BY 4.0",
        "opening_hours": "Daily masses (see graz-seckau.at for schedule)"
      }
    },
    {
      "type": "Feature",
      "geometry": {
        "type": "Point",
        "coordinates": [
          15.421142730975562,
          47.07637250853323
        ]
      },
      "properties": {
        "id": "church_1737",
        "name": "Röm.-kath. Pfarre Schmerzhafte Mutter, Lazaristenkriche",
        "category": "Kirche",
        "subcategory": "Kirche",
        "address": "Mariengasse 31",
        "plz": "8020",
        "coole_raeume": "yes",
        "source": "Stadt Graz OGD - Kirchen und anerkannte Religionsgemeinschaften",
        "license": "CC BY 4.0",
        "opening_hours": "Daily masses (see graz-seckau.at for schedule)"
      }
    },
    {
      "type": "Feature",
      "geometry": {
        "type": "Point",
        "coordinates": [
          15.455735049489604,
          47.06962675526667
        ]
      },
      "properties": {
        "id": "church_1762",
        "name": "Herz-Jesu-Kirche",
        "category": "Kirche",
        "subcategory": "Kirche",
        "address": "Sparbersbachgasse 58",
        "plz": "8010",
        "coole_raeume": "yes",
        "source": "Stadt Graz OGD - Kirchen und anerkannte Religionsgemeinschaften",
        "license": "CC BY 4.0",
        "opening_hours": "Daily masses (see graz-seckau.at for schedule)"
      }
    },
    {
      "type": "Feature",
      "geometry": {
        "type": "Point",
        "coordinates": [
          15.4237645,
          47.0942093
        ]
      },
      "properties": {
        "id": "wasserspiel_1",
        "name": "Wasserspielplatz Theodor-Körner-Straße",
        "category": "Wasserspielplatz",
        "subcategory": "Wasserspielplatz",
        "address": "Theodor-Körner-Straße 59",
        "plz": "8010",
        "coole_raeume": "no",
        "source": "Stadt Graz OGD / Mamilade",
        "license": "CC BY 4.0",
        "opening_hours": "May-Sep: 09:00-19:00 (weather dependent)"
      }
    },
    {
      "type": "Feature",
      "geometry": {
        "type": "Point",
        "coordinates": [
          15.431239,
          47.052327
        ]
      },
      "properties": {
        "id": "wasserspiel_2",
        "name": "Wasserspielplatz Tändelwiese",
        "category": "Wasserspielplatz",
        "subcategory": "Wasserspielplatz",
        "address": "Auf der Tändelwiese 8",
        "plz": "8020",
        "coole_raeume": "no",
        "source": "Stadt Graz / Freizeitinfo.at",
        "license": "CC BY 4.0",
        "opening_hours": "May-Sep: 09:00-19:00 (weather dependent)"
      }
    },
    {
      "type": "Feature",
      "geometry": {
        "type": "Point",
        "coordinates": [
          15.4371868,
          47.0556638
        ]
      },
      "properties": {
        "id": "wasserspiel_3",
        "name": "Wasserspielplatz Langedelwehr",
        "category": "Wasserspielplatz",
        "subcategory": "Wasserspielplatz",
        "address": "Am Langedelwehr",
        "plz": "8010",
        "coole_raeume": "no",
        "source": "Stadt Graz / Freizeitinfo.at",
        "license": "CC BY 4.0",
        "opening_hours": "May-Sep: 09:00-19:00 (weather dependent)"
      }
    },
    {
      "type": "Feature",
      "geometry": {
        "type": "Point",
        "coordinates": [
          15.4325888,
          47.0695825
        ]
      },
      "properties": {
        "id": "spruehnebel_1",
        "name": "Spruehnebel-Lanze Bad zur Sonne",
        "category": "Spruehnebel-Lanze",
        "subcategory": "Spruehnebel-Lanze",
        "address": "Feuerbachgasse 11",
        "plz": "8020",
        "coole_raeume": "no",
        "source": "Stadt Graz / Holding Graz",
        "license": "CC BY 4.0",
        "opening_hours": "On-demand during heat alerts (summer season)"
      }
    },
    {
      "type": "Feature",
      "geometry": {
        "type": "Point",
        "coordinates": [
          15.439261,
          47.0684135
        ]
      },
      "properties": {
        "id": "spruehnebel_2",
        "name": "Spruehnebel-Lanze Schmiedgasse",
        "category": "Spruehnebel-Lanze",
        "subcategory": "Spruehnebel-Lanze",
        "address": "Schmiedgasse 26",
        "plz": "8010",
        "coole_raeume": "no",
        "source": "Stadt Graz / Holding Graz",
        "license": "CC BY 4.0",
        "opening_hours": "On-demand during heat alerts (summer season)"
      }
    },
    {
      "type": "Feature",
      "geometry": {
        "type": "Point",
        "coordinates": [
          15.4360009,
          47.0585362
        ]
      },
      "properties": {
        "id": "pool_1501767308",
        "name": "Augartenbad",
        "category": "Schwimmbad",
        "subcategory": "Öffentliches Freibad/Hallenbad",
        "address": "Schönaugürtel 1, 8010 Graz",
        "plz": "8010",
        "coole_raeume": "no",
        "source": "Grazer Freizeitbetriebe / Stadt Graz OGD",
        "license": "CC BY 4.0",
        "opening_hours": "May-Sep: 10:00-18:00, Jun-Aug: 09:00-20:00"
      }
    },
    {
      "type": "Feature",
      "geometry": {
        "type": "Point",
        "coordinates": [
          15.4245686,
          47.1022092
        ]
      },
      "properties": {
        "id": "pool_1501767309",
        "name": "Stukitzbad",
        "category": "Schwimmbad",
        "subcategory": "Öffentliches Freibad/Hallenbad",
        "address": "Andritzer Reichsstraße 25a, 8045 Graz",
        "plz": "8045",
        "coole_raeume": "no",
        "source": "Grazer Freizeitbetriebe / Stadt Graz OGD",
        "license": "CC BY 4.0",
        "opening_hours": "May-Sep: 10:00-18:00, Jun-Aug: 09:00-20:00"
      }
    },
    {
      "type": "Feature",
      "geometry": {
        "type": "Point",
        "coordinates": [
          15.4009717,
          47.0729377
        ]
      },
      "properties": {
        "id": "pool_1501767310",
        "name": "Bad Eggenberg (Auster)",
        "category": "Schwimmbad",
        "subcategory": "Öffentliches Freibad/Hallenbad",
        "address": "Janzgasse 21, 8020 Graz",
        "plz": "8020",
        "coole_raeume": "no",
        "source": "Grazer Freizeitbetriebe / Stadt Graz OGD",
        "license": "CC BY 4.0",
        "opening_hours": "May-Sep: 10:00-18:00, Jun-Aug: 09:00-20:00"
      }
    },
    {
      "type": "Feature",
      "geometry": {
        "type": "Point",
        "coordinates": [
          15.3956441,
          47.0255429
        ]
      },
      "properties": {
        "id": "pool_1501767311",
        "name": "Bad Straßgang",
        "category": "Schwimmbad",
        "subcategory": "Öffentliches Freibad/Hallenbad",
        "address": "Martinhofstraße 3, 8054 Graz",
        "plz": "8054",
        "coole_raeume": "no",
        "source": "Grazer Freizeitbetriebe / Stadt Graz OGD",
        "license": "CC BY 4.0",
        "opening_hours": "May-Sep: 10:00-18:00, Jun-Aug: 09:00-20:00"
      }
    },
    {
      "type": "Feature",
      "geometry": {
        "type": "Point",
        "coordinates": [
          15.4867204,
          47.0772227
        ]
      },
      "properties": {
        "id": "pool_1501767312",
        "name": "Ragnitzbad",
        "category": "Schwimmbad",
        "subcategory": "Öffentliches Freibad/Hallenbad",
        "address": "Pesendorferweg 7, 8047 Graz",
        "plz": "8047",
        "coole_raeume": "no",
        "source": "Grazer Freizeitbetriebe / Stadt Graz OGD",
        "license": "CC BY 4.0",
        "opening_hours": "May-Sep: 10:00-18:00, Jun-Aug: 09:00-20:00"
      }
    },
    {
      "type": "Feature",
      "geometry": {
        "type": "Point",
        "coordinates": [
          15.4319899,
          47.0692642
        ]
      },
      "properties": {
        "id": "pool_1501767313",
        "name": "Bad zur Sonne",
        "category": "Schwimmbad",
        "subcategory": "Öffentliches Freibad/Hallenbad",
        "address": "Feuerbachgasse 11-13, 8020 Graz",
        "plz": "8020",
        "coole_raeume": "no",
        "source": "Grazer Freizeitbetriebe / Stadt Graz OGD",
        "license": "CC BY 4.0",
        "opening_hours": "May-Sep: 10:00-18:00, Jun-Aug: 09:00-20:00"
      }
    },
    {
      "type": "Feature",
      "geometry": {
        "type": "Point",
        "coordinates": [
          15.4341,
          47.0714
        ]
      },
      "properties": {
        "id": "cultural_1",
        "name": "Kunsthaus Graz (Foyer)",
        "category": "Kulturgebäude",
        "subcategory": "Kulturgebäude",
        "address": "Lendkai 1",
        "plz": "8020",
        "coole_raeume": "yes",
        "source": "Hitzeaktionsplan der Stadt Graz (Version 1.0, Juni 2025)",
        "license": "CC BY 4.0",
        "opening_hours": "Tue-Sun 10:00-17:00 (approx; check venue website)"
      }
    },
    {
      "type": "Feature",
      "geometry": {
        "type": "Point",
        "coordinates": [
          15.4365,
          47.07264
        ]
      },
      "properties": {
        "id": "cultural_2",
        "name": "Graz Museum (Stadtoase)",
        "category": "Kulturgebäude",
        "subcategory": "Kulturgebäude",
        "address": "Sackstraße 18",
        "plz": "8010",
        "coole_raeume": "yes",
        "source": "Hitzeaktionsplan der Stadt Graz (Version 1.0, Juni 2025)",
        "license": "CC BY 4.0",
        "opening_hours": "Tue-Sun 10:00-17:00 (approx; check venue website)"
      }
    }
  ]
}